Script started on 2025-08-31 19:48:24-05:00 [TERM="xterm-256color" TTY="/dev/pts/1" COLUMNS="171" LINES="26"]
[?2004hroot@docker:/opt/docker-mounts/us-core-test-kit-fork# cat .env
[?2004lJS_HOST=""
[?2004hroot@docker:/opt/docker-mounts/us-core-test-kit-fork# git status
[?2004l[31mHEAD detached at [mv1.0.0
nothing to commit, working tree clean
[?2004hroot@docker:/opt/docker-mounts/us-core-test-kit-fork# ./run.sh
[?2004l[33mWARN[0m[0000] /opt/docker-mounts/us-core-test-kit-fork/docker-compose.yml: the attribute `version` is obsolete, it will be ignored, please remove it to avoid potential confusion 
Compose can now delegate builds to bake for better performance.
 To do so, set COMPOSE_BAKE=true.
[1A[1B[0G[?25l[+] Building 0.0s (0/1)                                                                                                                                     docker:default
 => [worker internal] load build definition from Dockerfile                                                                                                           0.0s
[?25h[1A[1A[0G[?25l[+] Building 0.2s (2/3)                                                                                                                                     docker:default
[34m => [worker internal] load build definition from Dockerfile                                                                                                           0.0s
[0m[34m => => transferring dockerfile: 758B                                                                                                                                  0.0s
[0m[34m => [inferno internal] load build definition from Dockerfile                                                                                                          0.0s
[0m[34m => => transferring dockerfile: 758B                                                                                                                                  0.0s
[0m => [inferno internal] load metadata for docker.io/library/ruby:3.3.6                                                                                                 0.2s
[?25h[1A[1A[1A[1A[1A[1A[0G[?25l[+] Building 0.3s (2/3)                                                                                                                                     docker:default
[34m => [worker internal] load build definition from Dockerfile                                                                                                           0.0s
[0m[34m => => transferring dockerfile: 758B                                                                                                                                  0.0s
[0m[34m => [inferno internal] load build definition from Dockerfile                                                                                                          0.0s
[0m[34m => => transferring dockerfile: 758B                                                                                                                                  0.0s
[0m => [worker internal] load metadata for docker.io/library/ruby:3.3.6                                                                                                  0.2s
[?25h[1A[1A[1A[1A[1A[1A[0G[?25l[+] Building 0.4s (6/24)                                                                                                                                    docker:default
[34m => [worker internal] load build definition from Dockerfile                                                                                                           0.0s
[0m[34m => => transferring dockerfile: 758B                                                                                                                                  0.0s
[0m[34m => [inferno internal] load build definition from Dockerfile                                                                                                          0.0s
[0m[34m => => transferring dockerfile: 758B                                                                                                                                  0.0s
[0m[34m => [inferno internal] load metadata for docker.io/library/ruby:3.3.6                                                                                                 0.2s
[0m[34m => [worker internal] load .dockerignore                                                                                                                              0.0s
[0m[34m => => transferring context: 336B                                                                                                                                     0.0s
[0m[34m => [inferno internal] load .dockerignore                                                                                                                             0.0s
[0m[34m => => transferring context: 336B                                                                                                                                     0.0s
[0m[34m => [inferno  1/10] FROM docker.io/library/ruby:3.3.6@sha256:347edd0c70ee08d87de9f01b99de2f14a64cedb5d1bfb38457dfe8cd0bf113c5                                         0.0s
[0m => [worker internal] load build context                                                                                                                              0.1s
 => => transferring context: 554.08kB                                                                                                                                 0.1s
 => [inferno internal] load build context                                                                                                                             0.1s
 => => transferring context: 33B                                                                                                                                      0.1s
[?25h[1A[1A[1A[1A[1A[1A[1A[1A[1A[1A[1A[1A[1A[1A[1A[0G[?25l[+] Building 0.5s (19/26)                                                                                                                                   docker:default
[34m => [inferno internal] load .dockerignore                                                                                                                             0.0s
[0m[34m => => transferring context: 336B                                                                                                                                     0.0s
[0m[34m => [inferno  1/10] FROM docker.io/library/ruby:3.3.6@sha256:347edd0c70ee08d87de9f01b99de2f14a64cedb5d1bfb38457dfe8cd0bf113c5                                         0.0s
[0m[34m => [worker internal] load build context                                                                                                                              0.2s
[0m[34m => => transferring context: 691.31kB                                                                                                                                 0.1s
[0m[34m => [inferno internal] load build context                                                                                                                             0.2s
[0m[34m => => transferring context: 691.31kB                                                                                                                                 0.1s
[0m[34m => CACHED [inferno  2/10] RUN mkdir -p /opt/inferno/                                                                                                                 0.0s
[0m[34m => CACHED [inferno  3/10] WORKDIR /opt/inferno/                                                                                                                      0.0s
[0m[34m => CACHED [inferno  4/10] ADD *.gemspec /opt/inferno/                                                                                                                0.0s
[0m[34m => CACHED [inferno  5/10] ADD Gemfile* /opt/inferno/                                                                                                                 0.0s
[0m[34m => CACHED [inferno  6/10] ADD lib/us_core_test_kit/version.rb /opt/inferno//lib/us_core_test_kit/version.rb                                                          0.0s
[0m[34m => CACHED [inferno  7/10] RUN gem update --system                                                                                                                    0.0s
[0m[34m => CACHED [inferno  8/10] RUN gem install bundler                                                                                                                    0.0s
[0m[34m => CACHED [inferno  9/10] RUN bundle install                                                                                                                         0.0s
[0m[34m => CACHED [worker 10/10] ADD . /opt/inferno/                                                                                                                         0.0s
[0m[34m => [inferno] exporting to image                                                                                                                                      0.0s
[0m[34m => => exporting layers                                                                                                                                               0.0s
[0m[34m => => writing image sha256:8e1b9bc24746b59de82924472be1013f828f57e70d7842bd4cb773cc73201ac8                                                                          0.0s
[0m[34m => => naming to docker.io/library/us-core-test-kit-fork-inferno                                                                                                      0.0s
[0m[34m => [worker] exporting to image                                                                                                                                       0.0s
[0m[34m => => exporting layers                                                                                                                                               0.0s
[0m[34m => => writing image sha256:67085a375a3e929d2c4abcfd5f65bdaff7c3425650db4971af36f4fc2ff08c73                                                                          0.0s
[0m[34m => => naming to docker.io/library/us-core-test-kit-fork-worker                                                                                                       0.0s
[0m[?25h[1A[1A[1A[1A[1A[1A[1A[1A[1A[1A[1A[1A[1A[1A[1A[1A[1A[1A[1A[1A[1A[1A[1A[1A[1A[0G[?25l[+] Building 0.6s (19/27)                                                                                                                                   docker:default
[34m => => transferring context: 336B                                                                                                                                     0.0s
[0m[34m => [inferno  1/10] FROM docker.io/library/ruby:3.3.6@sha256:347edd0c70ee08d87de9f01b99de2f14a64cedb5d1bfb38457dfe8cd0bf113c5                                         0.0s
[0m[34m => [worker internal] load build context                                                                                                                              0.2s
[0m[34m => => transferring context: 691.31kB                                                                                                                                 0.1s
[0m[34m => [inferno internal] load build context                                                                                                                             0.2s
[0m[34m => => transferring context: 691.31kB                                                                                                                                 0.1s
[0m[34m => CACHED [inferno  2/10] RUN mkdir -p /opt/inferno/                                                                                                                 0.0s
[0m[34m => CACHED [inferno  3/10] WORKDIR /opt/inferno/                                                                                                                      0.0s
[0m[34m => CACHED [inferno  4/10] ADD *.gemspec /opt/inferno/                                                                                                                0.0s
[0m[34m => CACHED [inferno  5/10] ADD Gemfile* /opt/inferno/                                                                                                                 0.0s
[0m[34m => CACHED [inferno  6/10] ADD lib/us_core_test_kit/version.rb /opt/inferno//lib/us_core_test_kit/version.rb                                                          0.0s
[0m[34m => CACHED [inferno  7/10] RUN gem update --system                                                                                                                    0.0s
[0m[34m => CACHED [inferno  8/10] RUN gem install bundler                                                                                                                    0.0s
[0m[34m => CACHED [inferno  9/10] RUN bundle install                                                                                                                         0.0s
[0m[34m => CACHED [worker 10/10] ADD . /opt/inferno/                                                                                                                         0.0s
[0m[34m => [inferno] exporting to image                                                                                                                                      0.0s
[0m[34m => => exporting layers                                                                                                                                               0.0s
[0m[34m => => writing image sha256:8e1b9bc24746b59de82924472be1013f828f57e70d7842bd4cb773cc73201ac8                                                                          0.0s
[0m[34m => => naming to docker.io/library/us-core-test-kit-fork-inferno                                                                                                      0.0s
[0m[34m => [worker] exporting to image                                                                                                                                       0.0s
[0m[34m => => exporting layers                                                                                                                                               0.0s
[0m[34m => => writing image sha256:67085a375a3e929d2c4abcfd5f65bdaff7c3425650db4971af36f4fc2ff08c73                                                                          0.0s
[0m[34m => => naming to docker.io/library/us-core-test-kit-fork-worker                                                                                                       0.0s
[0m => [inferno] resolving provenance for metadata file                                                                                                                  0.0s
[?25h[1A[1A[1A[1A[1A[1A[1A[1A[1A[1A[1A[1A[1A[1A[1A[1A[1A[1A[1A[1A[1A[1A[1A[1A[1A[0G[?25l[+] Building 0.6s (21/28)                                                                                                                                   docker:default
[34m => [worker internal] load build definition from Dockerfile                                                                                                           0.0s
[0m[34m => => transferring dockerfile: 758B                                                                                                                                  0.0s
[0m[34m => [inferno internal] load build definition from Dockerfile                                                                                                          0.0s
[0m[34m => => transferring dockerfile: 758B                                                                                                                                  0.0s
[0m[34m => [inferno internal] load metadata for docker.io/library/ruby:3.3.6                                                                                                 0.2s
[0m[34m => [worker internal] load .dockerignore                                                                                                                              0.0s
[0m[34m => => transferring context: 336B                                                                                                                                     0.0s
[0m[34m => [inferno internal] load .dockerignore                                                                                                                             0.0s
[0m[34m => => transferring context: 336B                                                                                                                                     0.0s
[0m[34m => [inferno  1/10] FROM docker.io/library/ruby:3.3.6@sha256:347edd0c70ee08d87de9f01b99de2f14a64cedb5d1bfb38457dfe8cd0bf113c5                                         0.0s
[0m[34m => [worker internal] load build context                                                                                                                              0.2s
[0m[34m => => transferring context: 691.31kB                                                                                                                                 0.1s
[0m[34m => [inferno internal] load build context                                                                                                                             0.2s
[0m[34m => => transferring context: 691.31kB                                                                                                                                 0.1s
[0m[34m => CACHED [inferno  2/10] RUN mkdir -p /opt/inferno/                                                                                                                 0.0s
[0m[34m => CACHED [inferno  3/10] WORKDIR /opt/inferno/                                                                                                                      0.0s
[0m[34m => CACHED [inferno  4/10] ADD *.gemspec /opt/inferno/                                                                                                                0.0s
[0m[34m => CACHED [inferno  5/10] ADD Gemfile* /opt/inferno/                                                                                                                 0.0s
[0m[34m => CACHED [inferno  6/10] ADD lib/us_core_test_kit/version.rb /opt/inferno//lib/us_core_test_kit/version.rb                                                          0.0s
[0m[34m => CACHED [inferno  7/10] RUN gem update --system                                                                                                                    0.0s
[0m[34m => CACHED [inferno  8/10] RUN gem install bundler                                                                                                                    0.0s
[0m[34m => CACHED [inferno  9/10] RUN bundle install                                                                                                                         0.0s
[0m[34m => CACHED [worker 10/10] ADD . /opt/inferno/                                                                                                                         0.0s
[0m[34m => [inferno] exporting to image                                                                                                                                      0.0s
[0m[34m => => exporting layers                                                                                                                                               0.0s
[0m[34m => => writing image sha256:8e1b9bc24746b59de82924472be1013f828f57e70d7842bd4cb773cc73201ac8                                                                          0.0s
[0m[34m => => naming to docker.io/library/us-core-test-kit-fork-inferno                                                                                                      0.0s
[0m[34m => [worker] exporting to image                                                                                                                                       0.0s
[0m[34m => => exporting layers                                                                                                                                               0.0s
[0m[34m => => writing image sha256:67085a375a3e929d2c4abcfd5f65bdaff7c3425650db4971af36f4fc2ff08c73                                                                          0.0s
[0m[34m => => naming to docker.io/library/us-core-test-kit-fork-worker                                                                                                       0.0s
[0m[34m => [inferno] resolving provenance for metadata file                                                                                                                  0.0s
[0m[34m => [worker] resolving provenance for metadata file                                                                                                                   0.0s
[0m[?25h[1A[1B[0G[?25l[+] Building 2/2
 [32m✔[0m inferno  [32mBuilt[0m                                                                                                                                                     [34m0.0s [0m
 [32m✔[0m worker   [32mBuilt[0m                                                                                                                                                     [34m0.0s [0m
[?25h[33mWARN[0m[0000] /opt/docker-mounts/us-core-test-kit-fork/docker-compose.yml: the attribute `version` is obsolete, it will be ignored, please remove it to avoid potential confusion 
[33mWARN[0m[0000] Found orphan containers ([us-core-test-kit-fork-inferno-run-cfa152cbca0d us-core-test-kit-fork-inferno-run-75c02be138e4]) for this project. If you removed or renamed this service in your compose file, you can run this command with the --remove-orphans flag to clean it up. 
[1A[1B[0G[?25l[+] Running 5/5
 [32m✔[0m Container us-core-test-kit-fork-hl7_validator_service-1  [32mCreated[0m                                                                                                   [34m0.0s [0m
 [32m✔[0m Container us-core-test-kit-fork-nginx-1                  [32mCreated[0m                                                                                                   [34m0.0s [0m
 [32m✔[0m Container us-core-test-kit-fork-redis-1                  [32mCreated[0m                                                                                                   [34m0.0s [0m
 [32m✔[0m Container us-core-test-kit-fork-inferno-1                [32mCreated[0m                                                                                                   [34m0.0s [0m
 [32m✔[0m Container us-core-test-kit-fork-worker-1                 [32mCreated[0m                                                                                                   [34m0.0s [0m
[?25hAttaching to hl7_validator_service-1, inferno-1, nginx-1, redis-1, worker-1
[0G7[1B[2K[1B[2K[1B[2K[1B[2K[1B[2K[1B[2K[1B[2K[1B[2K[1B[2K[1B[2K[1B[2K[1B[2K[1B[2K[1B[2K[1B[2K[1B[2K[1B[2K[1B[2K[1B[2K[1B[2K[1B[2K[1B[2K[1B[2K[1B[2K[1B[2K[1B[2K8[35mredis-1                  | [0mNotice: Unknown file './.keep' found in data dir. Permissions will not be modified. Use SKIP_FIX_PERMS=1 to skip permission changes.
[0G7[1B[2K[1B[2K[1B[2K[1B[2K[1B[2K[1B[2K[1B[2K[1B[2K[1B[2K[1B[2K[1B[2K[1B[2K[1B[2K[1B[2K[1B[2K[1B[2K[1B[2K[1B[2K[1B[2K[1B[2K[1B[2K[1B[2K[1B[2K[1B[2K[1B[2K[1B[2K8[2K
[0G[2K
[0G[2A[0G7[26;0H[2K[1;38;2;0;0;0;48;2;255;255;255mw[0m[2m Enable Watch[0m[0G8[0G7[1B[2K[1B[2K[1B[2K[1B[2K[1B[2K[1B[2K[1B[2K[1B[2K[1B[2K[1B[2K[1B[2K[1B[2K[1B[2K[1B[2K[1B[2K[1B[2K[1B[2K[1B[2K[1B[2K[1B[2K[1B[2K[1B[2K[1B[2K[1B[2K[1B[2K[1B[2K8[35mredis-1                  | [0mStarting Redis Server
[0G7[1B[2K[1B[2K[1B[2K[1B[2K[1B[2K[1B[2K[1B[2K[1B[2K[1B[2K[1B[2K[1B[2K[1B[2K[1B[2K[1B[2K[1B[2K[1B[2K[1B[2K[1B[2K[1B[2K[1B[2K[1B[2K[1B[2K[1B[2K[1B[2K[1B[2K[1B[2K8[2K
[0G[2K
[0G[2A[0G7[26;0H[2K[1;38;2;0;0;0;48;2;255;255;255mw[0m[2m Enable Watch[0m[0G8[0G7[1B[2K[1B[2K[1B[2K[1B[2K[1B[2K[1B[2K[1B[2K[1B[2K[1B[2K[1B[2K[1B[2K[1B[2K[1B[2K[1B[2K[1B[2K[1B[2K[1B[2K[1B[2K[1B[2K[1B[2K[1B[2K[1B[2K[1B[2K[1B[2K[1B[2K[1B[2K8[35mredis-1                  | [0m1:C 01 Sep 2025 00:48:52.312 # WARNING Memory overcommit must be enabled! Without it, a background save or replication may fail under low memory condition. Being disabled, it can also cause failures without low memory condition, see https://github.com/jemalloc/jemalloc/issues/1328. To fix this issue add 'vm.overcommit_memory = 1' to /etc/sysctl.conf and then reboot or run the command 'sysctl vm.overcommit_memory=1' for this to take effect.
[0G7[1B[2K[1B[2K[1B[2K[1B[2K[1B[2K[1B[2K[1B[2K[1B[2K[1B[2K[1B[2K[1B[2K[1B[2K[1B[2K[1B[2K[1B[2K[1B[2K[1B[2K[1B[2K[1B[2K[1B[2K[1B[2K[1B[2K[1B[2K[1B[2K[1B[2K[1B[2K8[2K
[0G[2K
[0G[2A[0G7[26;0H[2K[1;38;2;0;0;0;48;2;255;255;255mw[0m[2m Enable Watch[0m[0G8[0G7[1B[2K[1B[2K[1B[2K[1B[2K[1B[2K[1B[2K[1B[2K[1B[2K[1B[2K[1B[2K[1B[2K[1B[2K[1B[2K[1B[2K[1B[2K[1B[2K[1B[2K[1B[2K[1B[2K[1B[2K[1B[2K[1B[2K[1B[2K[1B[2K[1B[2K[1B[2K8[35mredis-1                  | [0m1:C 01 Sep 2025 00:48:52.312 * oO0OoO0OoO0Oo Redis is starting oO0OoO0OoO0Oo
[0G7[1B[2K[1B[2K[1B[2K[1B[2K[1B[2K[1B[2K[1B[2K[1B[2K[1B[2K[1B[2K[1B[2K[1B[2K[1B[2K[1B[2K[1B[2K[1B[2K[1B[2K[1B[2K[1B[2K[1B[2K[1B[2K[1B[2K[1B[2K[1B[2K[1B[2K[1B[2K8[2K
[0G[2K
[0G[2A[0G7[26;0H[2K[1;38;2;0;0;0;48;2;255;255;255mw[0m[2m Enable Watch[0m[0G8[0G7[1B[2K[1B[2K[1B[2K[1B[2K[1B[2K[1B[2K[1B[2K[1B[2K[1B[2K[1B[2K[1B[2K[1B[2K[1B[2K[1B[2K[1B[2K[1B[2K[1B[2K[1B[2K[1B[2K[1B[2K[1B[2K[1B[2K[1B[2K[1B[2K[1B[2K[1B[2K8[35mredis-1                  | [0m1:C 01 Sep 2025 00:48:52.312 * Redis version=8.2.1, bits=64, commit=00000000, modified=1, pid=1, just started
[0G7[1B[2K[1B[2K[1B[2K[1B[2K[1B[2K[1B[2K[1B[2K[1B[2K[1B[2K[1B[2K[1B[2K[1B[2K[1B[2K[1B[2K[1B[2K[1B[2K[1B[2K[1B[2K[1B[2K[1B[2K[1B[2K[1B[2K[1B[2K[1B[2K[1B[2K[1B[2K8[2K
[0G[2K
[0G[2A[0G7[26;0H[2K[1;38;2;0;0;0;48;2;255;255;255mw[0m[2m Enable Watch[0m[0G8[0G7[1B[2K[1B[2K[1B[2K[1B[2K[1B[2K[1B[2K[1B[2K[1B[2K[1B[2K[1B[2K[1B[2K[1B[2K[1B[2K[1B[2K[1B[2K[1B[2K[1B[2K[1B[2K[1B[2K[1B[2K[1B[2K[1B[2K[1B[2K[1B[2K[1B[2K[1B[2K8[35mredis-1                  | [0m1:C 01 Sep 2025 00:48:52.312 * Configuration loaded
[0G7[1B[2K[1B[2K[1B[2K[1B[2K[1B[2K[1B[2K[1B[2K[1B[2K[1B[2K[1B[2K[1B[2K[1B[2K[1B[2K[1B[2K[1B[2K[1B[2K[1B[2K[1B[2K[1B[2K[1B[2K[1B[2K[1B[2K[1B[2K[1B[2K[1B[2K[1B[2K8[2K
[0G[2K
[0G[2A[0G7[26;0H[2K[1;38;2;0;0;0;48;2;255;255;255mw[0m[2m Enable Watch[0m[0G8[0G7[1B[2K[1B[2K[1B[2K[1B[2K[1B[2K[1B[2K[1B[2K[1B[2K[1B[2K[1B[2K[1B[2K[1B[2K[1B[2K[1B[2K[1B[2K[1B[2K[1B[2K[1B[2K[1B[2K[1B[2K[1B[2K[1B[2K[1B[2K[1B[2K[1B[2K[1B[2K8[35mredis-1                  | [0m1:M 01 Sep 2025 00:48:52.312 * monotonic clock: POSIX clock_gettime
[0G7[1B[2K[1B[2K[1B[2K[1B[2K[1B[2K[1B[2K[1B[2K[1B[2K[1B[2K[1B[2K[1B[2K[1B[2K[1B[2K[1B[2K[1B[2K[1B[2K[1B[2K[1B[2K[1B[2K[1B[2K[1B[2K[1B[2K[1B[2K[1B[2K[1B[2K[1B[2K8[2K
[0G[2K
[0G[2A[0G7[26;0H[2K[1;38;2;0;0;0;48;2;255;255;255mw[0m[2m Enable Watch[0m[0G8[0G7[1B[2K[1B[2K[1B[2K[1B[2K[1B[2K[1B[2K[1B[2K[1B[2K[1B[2K[1B[2K[1B[2K[1B[2K[1B[2K[1B[2K[1B[2K[1B[2K[1B[2K[1B[2K[1B[2K[1B[2K[1B[2K[1B[2K[1B[2K[1B[2K[1B[2K[1B[2K8[35mredis-1                  | [0m1:M 01 Sep 2025 00:48:52.313 * Running mode=standalone, port=6379.
[0G7[1B[2K[1B[2K[1B[2K[1B[2K[1B[2K[1B[2K[1B[2K[1B[2K[1B[2K[1B[2K[1B[2K[1B[2K[1B[2K[1B[2K[1B[2K[1B[2K[1B[2K[1B[2K[1B[2K[1B[2K[1B[2K[1B[2K[1B[2K[1B[2K[1B[2K[1B[2K8[2K
[0G[2K
[0G[2A[0G7[26;0H[2K[1;38;2;0;0;0;48;2;255;255;255mw[0m[2m Enable Watch[0m[0G8[0G7[1B[2K[1B[2K[1B[2K[1B[2K[1B[2K[1B[2K[1B[2K[1B[2K[1B[2K[1B[2K[1B[2K[1B[2K[1B[2K[1B[2K[1B[2K[1B[2K[1B[2K[1B[2K[1B[2K[1B[2K[1B[2K[1B[2K[1B[2K[1B[2K[1B[2K[1B[2K8[35mredis-1                  | [0m1:M 01 Sep 2025 00:48:52.313 * <bf> RedisBloom version 8.2.0 (Git=unknown)
[0G7[1B[2K[1B[2K[1B[2K[1B[2K[1B[2K[1B[2K[1B[2K[1B[2K[1B[2K[1B[2K[1B[2K[1B[2K[1B[2K[1B[2K[1B[2K[1B[2K[1B[2K[1B[2K[1B[2K[1B[2K[1B[2K[1B[2K[1B[2K[1B[2K[1B[2K[1B[2K8[2K
[0G[2K
[0G[2A[0G7[26;0H[2K[1;38;2;0;0;0;48;2;255;255;255mw[0m[2m Enable Watch[0m[0G8[0G7[1B[2K[1B[2K[1B[2K[1B[2K[1B[2K[1B[2K[1B[2K[1B[2K[1B[2K[1B[2K[1B[2K[1B[2K[1B[2K[1B[2K[1B[2K[1B[2K[1B[2K[1B[2K[1B[2K[1B[2K[1B[2K[1B[2K[1B[2K[1B[2K[1B[2K[1B[2K8[35mredis-1                  | [0m1:M 01 Sep 2025 00:48:52.313 * <bf> Registering configuration options: [
[0G7[1B[2K[1B[2K[1B[2K[1B[2K[1B[2K[1B[2K[1B[2K[1B[2K[1B[2K[1B[2K[1B[2K[1B[2K[1B[2K[1B[2K[1B[2K[1B[2K[1B[2K[1B[2K[1B[2K[1B[2K[1B[2K[1B[2K[1B[2K[1B[2K[1B[2K[1B[2K8[2K
[0G[2K
[0G[2A[0G7[26;0H[2K[1;38;2;0;0;0;48;2;255;255;255mw[0m[2m Enable Watch[0m[0G8[0G7[1B[2K[1B[2K[1B[2K[1B[2K[1B[2K[1B[2K[1B[2K[1B[2K[1B[2K[1B[2K[1B[2K[1B[2K[1B[2K[1B[2K[1B[2K[1B[2K[1B[2K[1B[2K[1B[2K[1B[2K[1B[2K[1B[2K[1B[2K[1B[2K[1B[2K[1B[2K8[35mredis-1                  | [0m1:M 01 Sep 2025 00:48:52.313 * <bf> 	{ bf-error-rate       :      0.01 }
[0G7[1B[2K[1B[2K[1B[2K[1B[2K[1B[2K[1B[2K[1B[2K[1B[2K[1B[2K[1B[2K[1B[2K[1B[2K[1B[2K[1B[2K[1B[2K[1B[2K[1B[2K[1B[2K[1B[2K[1B[2K[1B[2K[1B[2K[1B[2K[1B[2K[1B[2K[1B[2K8[2K
[0G[2K
[0G[2A[0G7[26;0H[2K[1;38;2;0;0;0;48;2;255;255;255mw[0m[2m Enable Watch[0m[0G8[0G7[1B[2K[1B[2K[1B[2K[1B[2K[1B[2K[1B[2K[1B[2K[1B[2K[1B[2K[1B[2K[1B[2K[1B[2K[1B[2K[1B[2K[1B[2K[1B[2K[1B[2K[1B[2K[1B[2K[1B[2K[1B[2K[1B[2K[1B[2K[1B[2K[1B[2K[1B[2K8[35mredis-1                  | [0m1:M 01 Sep 2025 00:48:52.313 * <bf> 	{ bf-initial-size     :       100 }
[0G7[1B[2K[1B[2K[1B[2K[1B[2K[1B[2K[1B[2K[1B[2K[1B[2K[1B[2K[1B[2K[1B[2K[1B[2K[1B[2K[1B[2K[1B[2K[1B[2K[1B[2K[1B[2K[1B[2K[1B[2K[1B[2K[1B[2K[1B[2K[1B[2K[1B[2K[1B[2K8[2K
[0G[2K
[0G[2A[0G7[26;0H[2K[1;38;2;0;0;0;48;2;255;255;255mw[0m[2m Enable Watch[0m[0G8[0G7[1B[2K[1B[2K[1B[2K[1B[2K[1B[2K[1B[2K[1B[2K[1B[2K[1B[2K[1B[2K[1B[2K[1B[2K[1B[2K[1B[2K[1B[2K[1B[2K[1B[2K[1B[2K[1B[2K[1B[2K[1B[2K[1B[2K[1B[2K[1B[2K[1B[2K[1B[2K8[35mredis-1                  | [0m1:M 01 Sep 2025 00:48:52.313 * <bf> 	{ bf-expansion-factor :         2 }
[0G7[1B[2K[1B[2K[1B[2K[1B[2K[1B[2K[1B[2K[1B[2K[1B[2K[1B[2K[1B[2K[1B[2K[1B[2K[1B[2K[1B[2K[1B[2K[1B[2K[1B[2K[1B[2K[1B[2K[1B[2K[1B[2K[1B[2K[1B[2K[1B[2K[1B[2K[1B[2K8[2K
[0G[2K
[0G[2A[0G7[26;0H[2K[1;38;2;0;0;0;48;2;255;255;255mw[0m[2m Enable Watch[0m[0G8[0G7[1B[2K[1B[2K[1B[2K[1B[2K[1B[2K[1B[2K[1B[2K[1B[2K[1B[2K[1B[2K[1B[2K[1B[2K[1B[2K[1B[2K[1B[2K[1B[2K[1B[2K[1B[2K[1B[2K[1B[2K[1B[2K[1B[2K[1B[2K[1B[2K[1B[2K[1B[2K8[35mredis-1                  | [0m1:M 01 Sep 2025 00:48:52.313 * <bf> 	{ cf-bucket-size      :         2 }
[0G7[1B[2K[1B[2K[1B[2K[1B[2K[1B[2K[1B[2K[1B[2K[1B[2K[1B[2K[1B[2K[1B[2K[1B[2K[1B[2K[1B[2K[1B[2K[1B[2K[1B[2K[1B[2K[1B[2K[1B[2K[1B[2K[1B[2K[1B[2K[1B[2K[1B[2K[1B[2K8[2K
[0G[2K
[0G[2A[0G7[26;0H[2K[1;38;2;0;0;0;48;2;255;255;255mw[0m[2m Enable Watch[0m[0G8[0G7[1B[2K[1B[2K[1B[2K[1B[2K[1B[2K[1B[2K[1B[2K[1B[2K[1B[2K[1B[2K[1B[2K[1B[2K[1B[2K[1B[2K[1B[2K[1B[2K[1B[2K[1B[2K[1B[2K[1B[2K[1B[2K[1B[2K[1B[2K[1B[2K[1B[2K[1B[2K8[35mredis-1                  | [0m1:M 01 Sep 2025 00:48:52.313 * <bf> 	{ cf-initial-size     :      1024 }
[0G7[1B[2K[1B[2K[1B[2K[1B[2K[1B[2K[1B[2K[1B[2K[1B[2K[1B[2K[1B[2K[1B[2K[1B[2K[1B[2K[1B[2K[1B[2K[1B[2K[1B[2K[1B[2K[1B[2K[1B[2K[1B[2K[1B[2K[1B[2K[1B[2K[1B[2K[1B[2K8[2K
[0G[2K
[0G[2A[0G7[26;0H[2K[1;38;2;0;0;0;48;2;255;255;255mw[0m[2m Enable Watch[0m[0G8[0G7[1B[2K[1B[2K[1B[2K[1B[2K[1B[2K[1B[2K[1B[2K[1B[2K[1B[2K[1B[2K[1B[2K[1B[2K[1B[2K[1B[2K[1B[2K[1B[2K[1B[2K[1B[2K[1B[2K[1B[2K[1B[2K[1B[2K[1B[2K[1B[2K[1B[2K[1B[2K8[35mredis-1                  | [0m1:M 01 Sep 2025 00:48:52.313 * <bf> 	{ cf-max-iterations   :        20 }
[0G7[1B[2K[1B[2K[1B[2K[1B[2K[1B[2K[1B[2K[1B[2K[1B[2K[1B[2K[1B[2K[1B[2K[1B[2K[1B[2K[1B[2K[1B[2K[1B[2K[1B[2K[1B[2K[1B[2K[1B[2K[1B[2K[1B[2K[1B[2K[1B[2K[1B[2K[1B[2K8[2K
[0G[2K
[0G[2A[0G7[26;0H[2K[1;38;2;0;0;0;48;2;255;255;255mw[0m[2m Enable Watch[0m[0G8[0G7[1B[2K[1B[2K[1B[2K[1B[2K[1B[2K[1B[2K[1B[2K[1B[2K[1B[2K[1B[2K[1B[2K[1B[2K[1B[2K[1B[2K[1B[2K[1B[2K[1B[2K[1B[2K[1B[2K[1B[2K[1B[2K[1B[2K[1B[2K[1B[2K[1B[2K[1B[2K8[35mredis-1                  | [0m1:M 01 Sep 2025 00:48:52.313 * <bf> 	{ cf-expansion-factor :         1 }
[0G7[1B[2K[1B[2K[1B[2K[1B[2K[1B[2K[1B[2K[1B[2K[1B[2K[1B[2K[1B[2K[1B[2K[1B[2K[1B[2K[1B[2K[1B[2K[1B[2K[1B[2K[1B[2K[1B[2K[1B[2K[1B[2K[1B[2K[1B[2K[1B[2K[1B[2K[1B[2K8[2K
[0G[2K
[0G[2A[0G7[26;0H[2K[1;38;2;0;0;0;48;2;255;255;255mw[0m[2m Enable Watch[0m[0G8[0G7[1B[2K[1B[2K[1B[2K[1B[2K[1B[2K[1B[2K[1B[2K[1B[2K[1B[2K[1B[2K[1B[2K[1B[2K[1B[2K[1B[2K[1B[2K[1B[2K[1B[2K[1B[2K[1B[2K[1B[2K[1B[2K[1B[2K[1B[2K[1B[2K[1B[2K[1B[2K8[35mredis-1                  | [0m1:M 01 Sep 2025 00:48:52.313 * <bf> 	{ cf-max-expansions   :        32 }
[0G7[1B[2K[1B[2K[1B[2K[1B[2K[1B[2K[1B[2K[1B[2K[1B[2K[1B[2K[1B[2K[1B[2K[1B[2K[1B[2K[1B[2K[1B[2K[1B[2K[1B[2K[1B[2K[1B[2K[1B[2K[1B[2K[1B[2K[1B[2K[1B[2K[1B[2K[1B[2K8[2K
[0G[2K
[0G[2A[0G7[26;0H[2K[1;38;2;0;0;0;48;2;255;255;255mw[0m[2m Enable Watch[0m[0G8[0G7[1B[2K[1B[2K[1B[2K[1B[2K[1B[2K[1B[2K[1B[2K[1B[2K[1B[2K[1B[2K[1B[2K[1B[2K[1B[2K[1B[2K[1B[2K[1B[2K[1B[2K[1B[2K[1B[2K[1B[2K[1B[2K[1B[2K[1B[2K[1B[2K[1B[2K[1B[2K8[35mredis-1                  | [0m1:M 01 Sep 2025 00:48:52.313 * <bf> ]
[0G7[1B[2K[1B[2K[1B[2K[1B[2K[1B[2K[1B[2K[1B[2K[1B[2K[1B[2K[1B[2K[1B[2K[1B[2K[1B[2K[1B[2K[1B[2K[1B[2K[1B[2K[1B[2K[1B[2K[1B[2K[1B[2K[1B[2K[1B[2K[1B[2K[1B[2K[1B[2K8[2K
[0G[2K
[0G[2A[0G7[26;0H[2K[1;38;2;0;0;0;48;2;255;255;255mw[0m[2m Enable Watch[0m[0G8[0G7[1B[2K[1B[2K[1B[2K[1B[2K[1B[2K[1B[2K[1B[2K[1B[2K[1B[2K[1B[2K[1B[2K[1B[2K[1B[2K[1B[2K[1B[2K[1B[2K[1B[2K[1B[2K[1B[2K[1B[2K[1B[2K[1B[2K[1B[2K[1B[2K[1B[2K[1B[2K8[35mredis-1                  | [0m1:M 01 Sep 2025 00:48:52.313 * Module 'bf' loaded from /usr/local/lib/redis/modules//redisbloom.so
[0G7[1B[2K[1B[2K[1B[2K[1B[2K[1B[2K[1B[2K[1B[2K[1B[2K[1B[2K[1B[2K[1B[2K[1B[2K[1B[2K[1B[2K[1B[2K[1B[2K[1B[2K[1B[2K[1B[2K[1B[2K[1B[2K[1B[2K[1B[2K[1B[2K[1B[2K[1B[2K8[2K
[0G[2K
[0G[2A[0G7[26;0H[2K[1;38;2;0;0;0;48;2;255;255;255mw[0m[2m Enable Watch[0m[0G8[0G7[1B[2K[1B[2K[1B[2K[1B[2K[1B[2K[1B[2K[1B[2K[1B[2K[1B[2K[1B[2K[1B[2K[1B[2K[1B[2K[1B[2K[1B[2K[1B[2K[1B[2K[1B[2K[1B[2K[1B[2K[1B[2K[1B[2K[1B[2K[1B[2K[1B[2K[1B[2K8[35mredis-1                  | [0m1:M 01 Sep 2025 00:48:52.315 * <search> Redis version found by RedisSearch : 8.2.1 - oss
[0G7[1B[2K[1B[2K[1B[2K[1B[2K[1B[2K[1B[2K[1B[2K[1B[2K[1B[2K[1B[2K[1B[2K[1B[2K[1B[2K[1B[2K[1B[2K[1B[2K[1B[2K[1B[2K[1B[2K[1B[2K[1B[2K[1B[2K[1B[2K[1B[2K[1B[2K[1B[2K8[2K
[0G[2K
[0G[2A[0G7[26;0H[2K[1;38;2;0;0;0;48;2;255;255;255mw[0m[2m Enable Watch[0m[0G8[0G7[1B[2K[1B[2K[1B[2K[1B[2K[1B[2K[1B[2K[1B[2K[1B[2K[1B[2K[1B[2K[1B[2K[1B[2K[1B[2K[1B[2K[1B[2K[1B[2K[1B[2K[1B[2K[1B[2K[1B[2K[1B[2K[1B[2K[1B[2K[1B[2K[1B[2K[1B[2K8[35mredis-1                  | [0m1:M 01 Sep 2025 00:48:52.315 * <search> RediSearch version 8.2.1 (Git=dba8dd0)
[0G7[1B[2K[1B[2K[1B[2K[1B[2K[1B[2K[1B[2K[1B[2K[1B[2K[1B[2K[1B[2K[1B[2K[1B[2K[1B[2K[1B[2K[1B[2K[1B[2K[1B[2K[1B[2K[1B[2K[1B[2K[1B[2K[1B[2K[1B[2K[1B[2K[1B[2K[1B[2K8[2K
[0G[2K
[0G[2A[0G7[26;0H[2K[1;38;2;0;0;0;48;2;255;255;255mw[0m[2m Enable Watch[0m[0G8[0G7[1B[2K[1B[2K[1B[2K[1B[2K[1B[2K[1B[2K[1B[2K[1B[2K[1B[2K[1B[2K[1B[2K[1B[2K[1B[2K[1B[2K[1B[2K[1B[2K[1B[2K[1B[2K[1B[2K[1B[2K[1B[2K[1B[2K[1B[2K[1B[2K[1B[2K[1B[2K8[35mredis-1                  | [0m1:M 01 Sep 2025 00:48:52.315 * <search> Low level api version 1 initialized successfully
[0G7[1B[2K[1B[2K[1B[2K[1B[2K[1B[2K[1B[2K[1B[2K[1B[2K[1B[2K[1B[2K[1B[2K[1B[2K[1B[2K[1B[2K[1B[2K[1B[2K[1B[2K[1B[2K[1B[2K[1B[2K[1B[2K[1B[2K[1B[2K[1B[2K[1B[2K[1B[2K8[2K
[0G[2K
[0G[2A[0G7[26;0H[2K[1;38;2;0;0;0;48;2;255;255;255mw[0m[2m Enable Watch[0m[0G8[0G7[1B[2K[1B[2K[1B[2K[1B[2K[1B[2K[1B[2K[1B[2K[1B[2K[1B[2K[1B[2K[1B[2K[1B[2K[1B[2K[1B[2K[1B[2K[1B[2K[1B[2K[1B[2K[1B[2K[1B[2K[1B[2K[1B[2K[1B[2K[1B[2K[1B[2K[1B[2K8[35mredis-1                  | [0m1:M 01 Sep 2025 00:48:52.315 * <search> gc: ON, prefix min length: 2, min word length to stem: 4, prefix max expansions: 200, query timeout (ms): 500, timeout policy: return, cursor read size: 1000, cursor max idle (ms): 300000, max doctable size: 1000000, max number of search results:  1000000, 
[0G7[1B[2K[1B[2K[1B[2K[1B[2K[1B[2K[1B[2K[1B[2K[1B[2K[1B[2K[1B[2K[1B[2K[1B[2K[1B[2K[1B[2K[1B[2K[1B[2K[1B[2K[1B[2K[1B[2K[1B[2K[1B[2K[1B[2K[1B[2K[1B[2K[1B[2K[1B[2K8[2K
[0G[2K
[0G[2A[0G7[26;0H[2K[1;38;2;0;0;0;48;2;255;255;255mw[0m[2m Enable Watch[0m[0G8[0G7[1B[2K[1B[2K[1B[2K[1B[2K[1B[2K[1B[2K[1B[2K[1B[2K[1B[2K[1B[2K[1B[2K[1B[2K[1B[2K[1B[2K[1B[2K[1B[2K[1B[2K[1B[2K[1B[2K[1B[2K[1B[2K[1B[2K[1B[2K[1B[2K[1B[2K[1B[2K8[35mredis-1                  | [0m1:M 01 Sep 2025 00:48:52.315 * <search> Initialized thread pools!
[0G7[1B[2K[1B[2K[1B[2K[1B[2K[1B[2K[1B[2K[1B[2K[1B[2K[1B[2K[1B[2K[1B[2K[1B[2K[1B[2K[1B[2K[1B[2K[1B[2K[1B[2K[1B[2K[1B[2K[1B[2K[1B[2K[1B[2K[1B[2K[1B[2K[1B[2K[1B[2K8[2K
[0G[2K
[0G[2A[0G7[26;0H[2K[1;38;2;0;0;0;48;2;255;255;255mw[0m[2m Enable Watch[0m[0G8[0G7[1B[2K[1B[2K[1B[2K[1B[2K[1B[2K[1B[2K[1B[2K[1B[2K[1B[2K[1B[2K[1B[2K[1B[2K[1B[2K[1B[2K[1B[2K[1B[2K[1B[2K[1B[2K[1B[2K[1B[2K[1B[2K[1B[2K[1B[2K[1B[2K[1B[2K[1B[2K8[35mredis-1                  | [0m1:M 01 Sep 2025 00:48:52.315 * <search> Disabled workers threadpool of size 0
[0G7[1B[2K[1B[2K[1B[2K[1B[2K[1B[2K[1B[2K[1B[2K[1B[2K[1B[2K[1B[2K[1B[2K[1B[2K[1B[2K[1B[2K[1B[2K[1B[2K[1B[2K[1B[2K[1B[2K[1B[2K[1B[2K[1B[2K[1B[2K[1B[2K[1B[2K[1B[2K8[2K
[0G[2K
[0G[2A[0G7[26;0H[2K[1;38;2;0;0;0;48;2;255;255;255mw[0m[2m Enable Watch[0m[0G8[0G7[1B[2K[1B[2K[1B[2K[1B[2K[1B[2K[1B[2K[1B[2K[1B[2K[1B[2K[1B[2K[1B[2K[1B[2K[1B[2K[1B[2K[1B[2K[1B[2K[1B[2K[1B[2K[1B[2K[1B[2K[1B[2K[1B[2K[1B[2K[1B[2K[1B[2K[1B[2K8[35mredis-1                  | [0m1:M 01 Sep 2025 00:48:52.315 * <search> Subscribe to config changes
[0G7[1B[2K[1B[2K[1B[2K[1B[2K[1B[2K[1B[2K[1B[2K[1B[2K[1B[2K[1B[2K[1B[2K[1B[2K[1B[2K[1B[2K[1B[2K[1B[2K[1B[2K[1B[2K[1B[2K[1B[2K[1B[2K[1B[2K[1B[2K[1B[2K[1B[2K[1B[2K8[2K
[0G[2K
[0G[2A[0G7[26;0H[2K[1;38;2;0;0;0;48;2;255;255;255mw[0m[2m Enable Watch[0m[0G8[0G7[1B[2K[1B[2K[1B[2K[1B[2K[1B[2K[1B[2K[1B[2K[1B[2K[1B[2K[1B[2K[1B[2K[1B[2K[1B[2K[1B[2K[1B[2K[1B[2K[1B[2K[1B[2K[1B[2K[1B[2K[1B[2K[1B[2K[1B[2K[1B[2K[1B[2K[1B[2K8[35mredis-1                  | [0m1:M 01 Sep 2025 00:48:52.315 * <search> Enabled role change notification
[0G7[1B[2K[1B[2K[1B[2K[1B[2K[1B[2K[1B[2K[1B[2K[1B[2K[1B[2K[1B[2K[1B[2K[1B[2K[1B[2K[1B[2K[1B[2K[1B[2K[1B[2K[1B[2K[1B[2K[1B[2K[1B[2K[1B[2K[1B[2K[1B[2K[1B[2K[1B[2K8[2K
[0G[2K
[0G[2A[0G7[26;0H[2K[1;38;2;0;0;0;48;2;255;255;255mw[0m[2m Enable Watch[0m[0G8[0G7[1B[2K[1B[2K[1B[2K[1B[2K[1B[2K[1B[2K[1B[2K[1B[2K[1B[2K[1B[2K[1B[2K[1B[2K[1B[2K[1B[2K[1B[2K[1B[2K[1B[2K[1B[2K[1B[2K[1B[2K[1B[2K[1B[2K[1B[2K[1B[2K[1B[2K[1B[2K8[35mredis-1                  | [0m1:M 01 Sep 2025 00:48:52.315 * <search> Cluster configuration: AUTO partitions, type: 0, coordinator timeout: 0ms
[0G7[1B[2K[1B[2K[1B[2K[1B[2K[1B[2K[1B[2K[1B[2K[1B[2K[1B[2K[1B[2K[1B[2K[1B[2K[1B[2K[1B[2K[1B[2K[1B[2K[1B[2K[1B[2K[1B[2K[1B[2K[1B[2K[1B[2K[1B[2K[1B[2K[1B[2K[1B[2K8[2K
[0G[2K
[0G[2A[0G7[26;0H[2K[1;38;2;0;0;0;48;2;255;255;255mw[0m[2m Enable Watch[0m[0G8[0G7[1B[2K[1B[2K[1B[2K[1B[2K[1B[2K[1B[2K[1B[2K[1B[2K[1B[2K[1B[2K[1B[2K[1B[2K[1B[2K[1B[2K[1B[2K[1B[2K[1B[2K[1B[2K[1B[2K[1B[2K[1B[2K[1B[2K[1B[2K[1B[2K[1B[2K[1B[2K8[35mredis-1                  | [0m1:M 01 Sep 2025 00:48:52.315 * <search> Register write commands
[0G7[1B[2K[1B[2K[1B[2K[1B[2K[1B[2K[1B[2K[1B[2K[1B[2K[1B[2K[1B[2K[1B[2K[1B[2K[1B[2K[1B[2K[1B[2K[1B[2K[1B[2K[1B[2K[1B[2K[1B[2K[1B[2K[1B[2K[1B[2K[1B[2K[1B[2K[1B[2K8[2K
[0G[2K
[0G[2A[0G7[26;0H[2K[1;38;2;0;0;0;48;2;255;255;255mw[0m[2m Enable Watch[0m[0G8[0G7[1B[2K[1B[2K[1B[2K[1B[2K[1B[2K[1B[2K[1B[2K[1B[2K[1B[2K[1B[2K[1B[2K[1B[2K[1B[2K[1B[2K[1B[2K[1B[2K[1B[2K[1B[2K[1B[2K[1B[2K[1B[2K[1B[2K[1B[2K[1B[2K[1B[2K[1B[2K8[35mredis-1                  | [0m1:M 01 Sep 2025 00:48:52.315 * Module 'search' loaded from /usr/local/lib/redis/modules//redisearch.so
[0G7[1B[2K[1B[2K[1B[2K[1B[2K[1B[2K[1B[2K[1B[2K[1B[2K[1B[2K[1B[2K[1B[2K[1B[2K[1B[2K[1B[2K[1B[2K[1B[2K[1B[2K[1B[2K[1B[2K[1B[2K[1B[2K[1B[2K[1B[2K[1B[2K[1B[2K[1B[2K8[2K
[0G[2K
[0G[2A[0G7[26;0H[2K[1;38;2;0;0;0;48;2;255;255;255mw[0m[2m Enable Watch[0m[0G8[0G7[1B[2K[1B[2K[1B[2K[1B[2K[1B[2K[1B[2K[1B[2K[1B[2K[1B[2K[1B[2K[1B[2K[1B[2K[1B[2K[1B[2K[1B[2K[1B[2K[1B[2K[1B[2K[1B[2K[1B[2K[1B[2K[1B[2K[1B[2K[1B[2K[1B[2K[1B[2K8[35mredis-1                  | [0m1:M 01 Sep 2025 00:48:52.315 * <timeseries> RedisTimeSeries version 80200, git_sha=1439d4a439ca9c063e6ef124a510abff09a5d493
[0G7[1B[2K[1B[2K[1B[2K[1B[2K[1B[2K[1B[2K[1B[2K[1B[2K[1B[2K[1B[2K[1B[2K[1B[2K[1B[2K[1B[2K[1B[2K[1B[2K[1B[2K[1B[2K[1B[2K[1B[2K[1B[2K[1B[2K[1B[2K[1B[2K[1B[2K[1B[2K8[2K
[0G[2K
[0G[2A[0G7[26;0H[2K[1;38;2;0;0;0;48;2;255;255;255mw[0m[2m Enable Watch[0m[0G8[0G7[1B[2K[1B[2K[1B[2K[1B[2K[1B[2K[1B[2K[1B[2K[1B[2K[1B[2K[1B[2K[1B[2K[1B[2K[1B[2K[1B[2K[1B[2K[1B[2K[1B[2K[1B[2K[1B[2K[1B[2K[1B[2K[1B[2K[1B[2K[1B[2K[1B[2K[1B[2K8[35mredis-1                  | [0m1:M 01 Sep 2025 00:48:52.315 * <timeseries> Redis version found by RedisTimeSeries : 8.2.1 - oss
[0G7[1B[2K[1B[2K[1B[2K[1B[2K[1B[2K[1B[2K[1B[2K[1B[2K[1B[2K[1B[2K[1B[2K[1B[2K[1B[2K[1B[2K[1B[2K[1B[2K[1B[2K[1B[2K[1B[2K[1B[2K[1B[2K[1B[2K[1B[2K[1B[2K[1B[2K[1B[2K8[2K
[0G[2K
[0G[2A[0G7[26;0H[2K[1;38;2;0;0;0;48;2;255;255;255mw[0m[2m Enable Watch[0m[0G8[0G7[1B[2K[1B[2K[1B[2K[1B[2K[1B[2K[1B[2K[1B[2K[1B[2K[1B[2K[1B[2K[1B[2K[1B[2K[1B[2K[1B[2K[1B[2K[1B[2K[1B[2K[1B[2K[1B[2K[1B[2K[1B[2K[1B[2K[1B[2K[1B[2K[1B[2K[1B[2K8[35mredis-1                  | [0m1:M 01 Sep 2025 00:48:52.315 * <timeseries> Registering configuration options: [
[0G7[1B[2K[1B[2K[1B[2K[1B[2K[1B[2K[1B[2K[1B[2K[1B[2K[1B[2K[1B[2K[1B[2K[1B[2K[1B[2K[1B[2K[1B[2K[1B[2K[1B[2K[1B[2K[1B[2K[1B[2K[1B[2K[1B[2K[1B[2K[1B[2K[1B[2K[1B[2K8[2K
[0G[2K
[0G[2A[0G7[26;0H[2K[1;38;2;0;0;0;48;2;255;255;255mw[0m[2m Enable Watch[0m[0G8[0G7[1B[2K[1B[2K[1B[2K[1B[2K[1B[2K[1B[2K[1B[2K[1B[2K[1B[2K[1B[2K[1B[2K[1B[2K[1B[2K[1B[2K[1B[2K[1B[2K[1B[2K[1B[2K[1B[2K[1B[2K[1B[2K[1B[2K[1B[2K[1B[2K[1B[2K[1B[2K8[35mredis-1                  | [0m1:M 01 Sep 2025 00:48:52.316 * <timeseries> 	{ ts-compaction-policy   :              }
[0G7[1B[2K[1B[2K[1B[2K[1B[2K[1B[2K[1B[2K[1B[2K[1B[2K[1B[2K[1B[2K[1B[2K[1B[2K[1B[2K[1B[2K[1B[2K[1B[2K[1B[2K[1B[2K[1B[2K[1B[2K[1B[2K[1B[2K[1B[2K[1B[2K[1B[2K[1B[2K8[2K
[0G[2K
[0G[2A[0G7[26;0H[2K[1;38;2;0;0;0;48;2;255;255;255mw[0m[2m Enable Watch[0m[0G8[0G7[1B[2K[1B[2K[1B[2K[1B[2K[1B[2K[1B[2K[1B[2K[1B[2K[1B[2K[1B[2K[1B[2K[1B[2K[1B[2K[1B[2K[1B[2K[1B[2K[1B[2K[1B[2K[1B[2K[1B[2K[1B[2K[1B[2K[1B[2K[1B[2K[1B[2K[1B[2K8[35mredis-1                  | [0m1:M 01 Sep 2025 00:48:52.316 * <timeseries> 	{ ts-num-threads         :            3 }
[0G7[1B[2K[1B[2K[1B[2K[1B[2K[1B[2K[1B[2K[1B[2K[1B[2K[1B[2K[1B[2K[1B[2K[1B[2K[1B[2K[1B[2K[1B[2K[1B[2K[1B[2K[1B[2K[1B[2K[1B[2K[1B[2K[1B[2K[1B[2K[1B[2K[1B[2K[1B[2K8[2K
[0G[2K
[0G[2A[0G7[26;0H[2K[1;38;2;0;0;0;48;2;255;255;255mw[0m[2m Enable Watch[0m[0G8[0G7[1B[2K[1B[2K[1B[2K[1B[2K[1B[2K[1B[2K[1B[2K[1B[2K[1B[2K[1B[2K[1B[2K[1B[2K[1B[2K[1B[2K[1B[2K[1B[2K[1B[2K[1B[2K[1B[2K[1B[2K[1B[2K[1B[2K[1B[2K[1B[2K[1B[2K[1B[2K8[35mredis-1                  | [0m1:M 01 Sep 2025 00:48:52.316 * <timeseries> 	{ ts-retention-policy    :            0 }
[0G7[1B[2K[1B[2K[1B[2K[1B[2K[1B[2K[1B[2K[1B[2K[1B[2K[1B[2K[1B[2K[1B[2K[1B[2K[1B[2K[1B[2K[1B[2K[1B[2K[1B[2K[1B[2K[1B[2K[1B[2K[1B[2K[1B[2K[1B[2K[1B[2K[1B[2K[1B[2K8[2K
[0G[2K
[0G[2A[0G7[26;0H[2K[1;38;2;0;0;0;48;2;255;255;255mw[0m[2m Enable Watch[0m[0G8[0G7[1B[2K[1B[2K[1B[2K[1B[2K[1B[2K[1B[2K[1B[2K[1B[2K[1B[2K[1B[2K[1B[2K[1B[2K[1B[2K[1B[2K[1B[2K[1B[2K[1B[2K[1B[2K[1B[2K[1B[2K[1B[2K[1B[2K[1B[2K[1B[2K[1B[2K[1B[2K8[35mredis-1                  | [0m1:M 01 Sep 2025 00:48:52.316 * <timeseries> 	{ ts-duplicate-policy    :        block }
[0G7[1B[2K[1B[2K[1B[2K[1B[2K[1B[2K[1B[2K[1B[2K[1B[2K[1B[2K[1B[2K[1B[2K[1B[2K[1B[2K[1B[2K[1B[2K[1B[2K[1B[2K[1B[2K[1B[2K[1B[2K[1B[2K[1B[2K[1B[2K[1B[2K[1B[2K[1B[2K8[2K
[0G[2K
[0G[2A[0G7[26;0H[2K[1;38;2;0;0;0;48;2;255;255;255mw[0m[2m Enable Watch[0m[0G8[0G7[1B[2K[1B[2K[1B[2K[1B[2K[1B[2K[1B[2K[1B[2K[1B[2K[1B[2K[1B[2K[1B[2K[1B[2K[1B[2K[1B[2K[1B[2K[1B[2K[1B[2K[1B[2K[1B[2K[1B[2K[1B[2K[1B[2K[1B[2K[1B[2K[1B[2K[1B[2K8[35mredis-1                  | [0m1:M 01 Sep 2025 00:48:52.316 * <timeseries> 	{ ts-chunk-size-bytes    :         4096 }
[0G7[1B[2K[1B[2K[1B[2K[1B[2K[1B[2K[1B[2K[1B[2K[1B[2K[1B[2K[1B[2K[1B[2K[1B[2K[1B[2K[1B[2K[1B[2K[1B[2K[1B[2K[1B[2K[1B[2K[1B[2K[1B[2K[1B[2K[1B[2K[1B[2K[1B[2K[1B[2K8[2K
[0G[2K
[0G[2A[0G7[26;0H[2K[1;38;2;0;0;0;48;2;255;255;255mw[0m[2m Enable Watch[0m[0G8[0G7[1B[2K[1B[2K[1B[2K[1B[2K[1B[2K[1B[2K[1B[2K[1B[2K[1B[2K[1B[2K[1B[2K[1B[2K[1B[2K[1B[2K[1B[2K[1B[2K[1B[2K[1B[2K[1B[2K[1B[2K[1B[2K[1B[2K[1B[2K[1B[2K[1B[2K[1B[2K8[35mredis-1                  | [0m1:M 01 Sep 2025 00:48:52.316 * <timeseries> 	{ ts-encoding            :   compressed }
[0G7[1B[2K[1B[2K[1B[2K[1B[2K[1B[2K[1B[2K[1B[2K[1B[2K[1B[2K[1B[2K[1B[2K[1B[2K[1B[2K[1B[2K[1B[2K[1B[2K[1B[2K[1B[2K[1B[2K[1B[2K[1B[2K[1B[2K[1B[2K[1B[2K[1B[2K[1B[2K8[2K
[0G[2K
[0G[2A[0G7[26;0H[2K[1;38;2;0;0;0;48;2;255;255;255mw[0m[2m Enable Watch[0m[0G8[0G7[1B[2K[1B[2K[1B[2K[1B[2K[1B[2K[1B[2K[1B[2K[1B[2K[1B[2K[1B[2K[1B[2K[1B[2K[1B[2K[1B[2K[1B[2K[1B[2K[1B[2K[1B[2K[1B[2K[1B[2K[1B[2K[1B[2K[1B[2K[1B[2K[1B[2K[1B[2K8[35mredis-1                  | [0m1:M 01 Sep 2025 00:48:52.316 * <timeseries> 	{ ts-ignore-max-time-diff:            0 }
[0G7[1B[2K[1B[2K[1B[2K[1B[2K[1B[2K[1B[2K[1B[2K[1B[2K[1B[2K[1B[2K[1B[2K[1B[2K[1B[2K[1B[2K[1B[2K[1B[2K[1B[2K[1B[2K[1B[2K[1B[2K[1B[2K[1B[2K[1B[2K[1B[2K[1B[2K[1B[2K8[2K
[0G[2K
[0G[2A[0G7[26;0H[2K[1;38;2;0;0;0;48;2;255;255;255mw[0m[2m Enable Watch[0m[0G8[0G7[1B[2K[1B[2K[1B[2K[1B[2K[1B[2K[1B[2K[1B[2K[1B[2K[1B[2K[1B[2K[1B[2K[1B[2K[1B[2K[1B[2K[1B[2K[1B[2K[1B[2K[1B[2K[1B[2K[1B[2K[1B[2K[1B[2K[1B[2K[1B[2K[1B[2K[1B[2K8[35mredis-1                  | [0m1:M 01 Sep 2025 00:48:52.316 * <timeseries> 	{ ts-ignore-max-val-diff :     0.000000 }
[0G7[1B[2K[1B[2K[1B[2K[1B[2K[1B[2K[1B[2K[1B[2K[1B[2K[1B[2K[1B[2K[1B[2K[1B[2K[1B[2K[1B[2K[1B[2K[1B[2K[1B[2K[1B[2K[1B[2K[1B[2K[1B[2K[1B[2K[1B[2K[1B[2K[1B[2K[1B[2K8[2K
[0G[2K
[0G[2A[0G7[26;0H[2K[1;38;2;0;0;0;48;2;255;255;255mw[0m[2m Enable Watch[0m[0G8[0G7[1B[2K[1B[2K[1B[2K[1B[2K[1B[2K[1B[2K[1B[2K[1B[2K[1B[2K[1B[2K[1B[2K[1B[2K[1B[2K[1B[2K[1B[2K[1B[2K[1B[2K[1B[2K[1B[2K[1B[2K[1B[2K[1B[2K[1B[2K[1B[2K[1B[2K[1B[2K8[35mredis-1                  | [0m1:M 01 Sep 2025 00:48:52.316 * <timeseries> ]
[0G7[1B[2K[1B[2K[1B[2K[1B[2K[1B[2K[1B[2K[1B[2K[1B[2K[1B[2K[1B[2K[1B[2K[1B[2K[1B[2K[1B[2K[1B[2K[1B[2K[1B[2K[1B[2K[1B[2K[1B[2K[1B[2K[1B[2K[1B[2K[1B[2K[1B[2K[1B[2K8[2K
[0G[2K
[0G[2A[0G7[26;0H[2K[1;38;2;0;0;0;48;2;255;255;255mw[0m[2m Enable Watch[0m[0G8[0G7[1B[2K[1B[2K[1B[2K[1B[2K[1B[2K[1B[2K[1B[2K[1B[2K[1B[2K[1B[2K[1B[2K[1B[2K[1B[2K[1B[2K[1B[2K[1B[2K[1B[2K[1B[2K[1B[2K[1B[2K[1B[2K[1B[2K[1B[2K[1B[2K[1B[2K[1B[2K8[35mredis-1                  | [0m1:M 01 Sep 2025 00:48:52.316 * <timeseries> Detected redis oss
[0G7[1B[2K[1B[2K[1B[2K[1B[2K[1B[2K[1B[2K[1B[2K[1B[2K[1B[2K[1B[2K[1B[2K[1B[2K[1B[2K[1B[2K[1B[2K[1B[2K[1B[2K[1B[2K[1B[2K[1B[2K[1B[2K[1B[2K[1B[2K[1B[2K[1B[2K[1B[2K8[2K
[0G[2K
[0G[2A[0G7[26;0H[2K[1;38;2;0;0;0;48;2;255;255;255mw[0m[2m Enable Watch[0m[0G8[0G7[1B[2K[1B[2K[1B[2K[1B[2K[1B[2K[1B[2K[1B[2K[1B[2K[1B[2K[1B[2K[1B[2K[1B[2K[1B[2K[1B[2K[1B[2K[1B[2K[1B[2K[1B[2K[1B[2K[1B[2K[1B[2K[1B[2K[1B[2K[1B[2K[1B[2K[1B[2K8[35mredis-1                  | [0m1:M 01 Sep 2025 00:48:52.316 * <timeseries> Enabled diskless replication
[0G7[1B[2K[1B[2K[1B[2K[1B[2K[1B[2K[1B[2K[1B[2K[1B[2K[1B[2K[1B[2K[1B[2K[1B[2K[1B[2K[1B[2K[1B[2K[1B[2K[1B[2K[1B[2K[1B[2K[1B[2K[1B[2K[1B[2K[1B[2K[1B[2K[1B[2K[1B[2K8[2K
[0G[2K
[0G[2A[0G7[26;0H[2K[1;38;2;0;0;0;48;2;255;255;255mw[0m[2m Enable Watch[0m[0G8[0G7[1B[2K[1B[2K[1B[2K[1B[2K[1B[2K[1B[2K[1B[2K[1B[2K[1B[2K[1B[2K[1B[2K[1B[2K[1B[2K[1B[2K[1B[2K[1B[2K[1B[2K[1B[2K[1B[2K[1B[2K[1B[2K[1B[2K[1B[2K[1B[2K[1B[2K[1B[2K8[35mredis-1                  | [0m1:M 01 Sep 2025 00:48:52.316 * Module 'timeseries' loaded from /usr/local/lib/redis/modules//redistimeseries.so
[0G7[1B[2K[1B[2K[1B[2K[1B[2K[1B[2K[1B[2K[1B[2K[1B[2K[1B[2K[1B[2K[1B[2K[1B[2K[1B[2K[1B[2K[1B[2K[1B[2K[1B[2K[1B[2K[1B[2K[1B[2K[1B[2K[1B[2K[1B[2K[1B[2K[1B[2K[1B[2K8[2K
[0G[2K
[0G[2A[0G7[26;0H[2K[1;38;2;0;0;0;48;2;255;255;255mw[0m[2m Enable Watch[0m[0G8[0G7[1B[2K[1B[2K[1B[2K[1B[2K[1B[2K[1B[2K[1B[2K[1B[2K[1B[2K[1B[2K[1B[2K[1B[2K[1B[2K[1B[2K[1B[2K[1B[2K[1B[2K[1B[2K[1B[2K[1B[2K[1B[2K[1B[2K[1B[2K[1B[2K[1B[2K[1B[2K8[35mredis-1                  | [0m1:M 01 Sep 2025 00:48:52.316 * <ReJSON> Created new data type 'ReJSON-RL'
[0G7[1B[2K[1B[2K[1B[2K[1B[2K[1B[2K[1B[2K[1B[2K[1B[2K[1B[2K[1B[2K[1B[2K[1B[2K[1B[2K[1B[2K[1B[2K[1B[2K[1B[2K[1B[2K[1B[2K[1B[2K[1B[2K[1B[2K[1B[2K[1B[2K[1B[2K[1B[2K8[2K
[0G[2K
[0G[2A[0G7[26;0H[2K[1;38;2;0;0;0;48;2;255;255;255mw[0m[2m Enable Watch[0m[0G8[0G7[1B[2K[1B[2K[1B[2K[1B[2K[1B[2K[1B[2K[1B[2K[1B[2K[1B[2K[1B[2K[1B[2K[1B[2K[1B[2K[1B[2K[1B[2K[1B[2K[1B[2K[1B[2K[1B[2K[1B[2K[1B[2K[1B[2K[1B[2K[1B[2K[1B[2K[1B[2K8[35mredis-1                  | [0m1:M 01 Sep 2025 00:48:52.316 * <ReJSON> version: 80200 git sha: unknown branch: unknown
[0G7[1B[2K[1B[2K[1B[2K[1B[2K[1B[2K[1B[2K[1B[2K[1B[2K[1B[2K[1B[2K[1B[2K[1B[2K[1B[2K[1B[2K[1B[2K[1B[2K[1B[2K[1B[2K[1B[2K[1B[2K[1B[2K[1B[2K[1B[2K[1B[2K[1B[2K[1B[2K8[2K
[0G[2K
[0G[2A[0G7[26;0H[2K[1;38;2;0;0;0;48;2;255;255;255mw[0m[2m Enable Watch[0m[0G8[0G7[1B[2K[1B[2K[1B[2K[1B[2K[1B[2K[1B[2K[1B[2K[1B[2K[1B[2K[1B[2K[1B[2K[1B[2K[1B[2K[1B[2K[1B[2K[1B[2K[1B[2K[1B[2K[1B[2K[1B[2K[1B[2K[1B[2K[1B[2K[1B[2K[1B[2K[1B[2K8[35mredis-1                  | [0m1:M 01 Sep 2025 00:48:52.316 * <ReJSON> Exported RedisJSON_V1 API
[0G7[1B[2K[1B[2K[1B[2K[1B[2K[1B[2K[1B[2K[1B[2K[1B[2K[1B[2K[1B[2K[1B[2K[1B[2K[1B[2K[1B[2K[1B[2K[1B[2K[1B[2K[1B[2K[1B[2K[1B[2K[1B[2K[1B[2K[1B[2K[1B[2K[1B[2K[1B[2K8[2K
[0G[2K
[0G[2A[0G7[26;0H[2K[1;38;2;0;0;0;48;2;255;255;255mw[0m[2m Enable Watch[0m[0G8[0G7[1B[2K[1B[2K[1B[2K[1B[2K[1B[2K[1B[2K[1B[2K[1B[2K[1B[2K[1B[2K[1B[2K[1B[2K[1B[2K[1B[2K[1B[2K[1B[2K[1B[2K[1B[2K[1B[2K[1B[2K[1B[2K[1B[2K[1B[2K[1B[2K[1B[2K[1B[2K8[35mredis-1                  | [0m1:M 01 Sep 2025 00:48:52.316 * <ReJSON> Exported RedisJSON_V2 API
[0G7[1B[2K[1B[2K[1B[2K[1B[2K[1B[2K[1B[2K[1B[2K[1B[2K[1B[2K[1B[2K[1B[2K[1B[2K[1B[2K[1B[2K[1B[2K[1B[2K[1B[2K[1B[2K[1B[2K[1B[2K[1B[2K[1B[2K[1B[2K[1B[2K[1B[2K[1B[2K8[2K
[0G[2K
[0G[2A[0G7[26;0H[2K[1;38;2;0;0;0;48;2;255;255;255mw[0m[2m Enable Watch[0m[0G8[0G7[1B[2K[1B[2K[1B[2K[1B[2K[1B[2K[1B[2K[1B[2K[1B[2K[1B[2K[1B[2K[1B[2K[1B[2K[1B[2K[1B[2K[1B[2K[1B[2K[1B[2K[1B[2K[1B[2K[1B[2K[1B[2K[1B[2K[1B[2K[1B[2K[1B[2K[1B[2K8[35mredis-1                  | [0m1:M 01 Sep 2025 00:48:52.316 * <ReJSON> Exported RedisJSON_V3 API
[0G7[1B[2K[1B[2K[1B[2K[1B[2K[1B[2K[1B[2K[1B[2K[1B[2K[1B[2K[1B[2K[1B[2K[1B[2K[1B[2K[1B[2K[1B[2K[1B[2K[1B[2K[1B[2K[1B[2K[1B[2K[1B[2K[1B[2K[1B[2K[1B[2K[1B[2K[1B[2K8[2K
[0G[2K
[0G[2A[0G7[26;0H[2K[1;38;2;0;0;0;48;2;255;255;255mw[0m[2m Enable Watch[0m[0G8[0G7[1B[2K[1B[2K[1B[2K[1B[2K[1B[2K[1B[2K[1B[2K[1B[2K[1B[2K[1B[2K[1B[2K[1B[2K[1B[2K[1B[2K[1B[2K[1B[2K[1B[2K[1B[2K[1B[2K[1B[2K[1B[2K[1B[2K[1B[2K[1B[2K[1B[2K[1B[2K8[35mredis-1                  | [0m1:M 01 Sep 2025 00:48:52.316 * <ReJSON> Exported RedisJSON_V4 API
[0G7[1B[2K[1B[2K[1B[2K[1B[2K[1B[2K[1B[2K[1B[2K[1B[2K[1B[2K[1B[2K[1B[2K[1B[2K[1B[2K[1B[2K[1B[2K[1B[2K[1B[2K[1B[2K[1B[2K[1B[2K[1B[2K[1B[2K[1B[2K[1B[2K[1B[2K[1B[2K8[2K
[0G[2K
[0G[2A[0G7[26;0H[2K[1;38;2;0;0;0;48;2;255;255;255mw[0m[2m Enable Watch[0m[0G8[0G7[1B[2K[1B[2K[1B[2K[1B[2K[1B[2K[1B[2K[1B[2K[1B[2K[1B[2K[1B[2K[1B[2K[1B[2K[1B[2K[1B[2K[1B[2K[1B[2K[1B[2K[1B[2K[1B[2K[1B[2K[1B[2K[1B[2K[1B[2K[1B[2K[1B[2K[1B[2K8[35mredis-1                  | [0m1:M 01 Sep 2025 00:48:52.316 * <ReJSON> Exported RedisJSON_V5 API
[0G7[1B[2K[1B[2K[1B[2K[1B[2K[1B[2K[1B[2K[1B[2K[1B[2K[1B[2K[1B[2K[1B[2K[1B[2K[1B[2K[1B[2K[1B[2K[1B[2K[1B[2K[1B[2K[1B[2K[1B[2K[1B[2K[1B[2K[1B[2K[1B[2K[1B[2K[1B[2K8[2K
[0G[2K
[0G[2A[0G7[26;0H[2K[1;38;2;0;0;0;48;2;255;255;255mw[0m[2m Enable Watch[0m[0G8[0G7[1B[2K[1B[2K[1B[2K[1B[2K[1B[2K[1B[2K[1B[2K[1B[2K[1B[2K[1B[2K[1B[2K[1B[2K[1B[2K[1B[2K[1B[2K[1B[2K[1B[2K[1B[2K[1B[2K[1B[2K[1B[2K[1B[2K[1B[2K[1B[2K[1B[2K[1B[2K8[35mredis-1                  | [0m1:M 01 Sep 2025 00:48:52.316 * <ReJSON> Enabled diskless replication
[0G7[1B[2K[1B[2K[1B[2K[1B[2K[1B[2K[1B[2K[1B[2K[1B[2K[1B[2K[1B[2K[1B[2K[1B[2K[1B[2K[1B[2K[1B[2K[1B[2K[1B[2K[1B[2K[1B[2K[1B[2K[1B[2K[1B[2K[1B[2K[1B[2K[1B[2K[1B[2K8[2K
[0G[2K
[0G[2A[0G7[26;0H[2K[1;38;2;0;0;0;48;2;255;255;255mw[0m[2m Enable Watch[0m[0G8[0G7[1B[2K[1B[2K[1B[2K[1B[2K[1B[2K[1B[2K[1B[2K[1B[2K[1B[2K[1B[2K[1B[2K[1B[2K[1B[2K[1B[2K[1B[2K[1B[2K[1B[2K[1B[2K[1B[2K[1B[2K[1B[2K[1B[2K[1B[2K[1B[2K[1B[2K[1B[2K8[35mredis-1                  | [0m1:M 01 Sep 2025 00:48:52.316 * <ReJSON> Initialized shared string cache, thread safe: false.
[0G7[1B[2K[1B[2K[1B[2K[1B[2K[1B[2K[1B[2K[1B[2K[1B[2K[1B[2K[1B[2K[1B[2K[1B[2K[1B[2K[1B[2K[1B[2K[1B[2K[1B[2K[1B[2K[1B[2K[1B[2K[1B[2K[1B[2K[1B[2K[1B[2K[1B[2K[1B[2K8[2K
[0G[2K
[0G[2A[0G7[26;0H[2K[1;38;2;0;0;0;48;2;255;255;255mw[0m[2m Enable Watch[0m[0G8[0G7[1B[2K[1B[2K[1B[2K[1B[2K[1B[2K[1B[2K[1B[2K[1B[2K[1B[2K[1B[2K[1B[2K[1B[2K[1B[2K[1B[2K[1B[2K[1B[2K[1B[2K[1B[2K[1B[2K[1B[2K[1B[2K[1B[2K[1B[2K[1B[2K[1B[2K[1B[2K8[35mredis-1                  | [0m1:M 01 Sep 2025 00:48:52.316 * Module 'ReJSON' loaded from /usr/local/lib/redis/modules//rejson.so
[0G7[1B[2K[1B[2K[1B[2K[1B[2K[1B[2K[1B[2K[1B[2K[1B[2K[1B[2K[1B[2K[1B[2K[1B[2K[1B[2K[1B[2K[1B[2K[1B[2K[1B[2K[1B[2K[1B[2K[1B[2K[1B[2K[1B[2K[1B[2K[1B[2K[1B[2K[1B[2K8[2K
[0G[2K
[0G[2A[0G7[26;0H[2K[1;38;2;0;0;0;48;2;255;255;255mw[0m[2m Enable Watch[0m[0G8[0G7[1B[2K[1B[2K[1B[2K[1B[2K[1B[2K[1B[2K[1B[2K[1B[2K[1B[2K[1B[2K[1B[2K[1B[2K[1B[2K[1B[2K[1B[2K[1B[2K[1B[2K[1B[2K[1B[2K[1B[2K[1B[2K[1B[2K[1B[2K[1B[2K[1B[2K[1B[2K8[35mredis-1                  | [0m1:M 01 Sep 2025 00:48:52.316 * <search> Acquired RedisJSON_V5 API
[0G7[1B[2K[1B[2K[1B[2K[1B[2K[1B[2K[1B[2K[1B[2K[1B[2K[1B[2K[1B[2K[1B[2K[1B[2K[1B[2K[1B[2K[1B[2K[1B[2K[1B[2K[1B[2K[1B[2K[1B[2K[1B[2K[1B[2K[1B[2K[1B[2K[1B[2K[1B[2K8[2K
[0G[2K
[0G[2A[0G7[26;0H[2K[1;38;2;0;0;0;48;2;255;255;255mw[0m[2m Enable Watch[0m[0G8[0G7[1B[2K[1B[2K[1B[2K[1B[2K[1B[2K[1B[2K[1B[2K[1B[2K[1B[2K[1B[2K[1B[2K[1B[2K[1B[2K[1B[2K[1B[2K[1B[2K[1B[2K[1B[2K[1B[2K[1B[2K[1B[2K[1B[2K[1B[2K[1B[2K[1B[2K[1B[2K8[35mredis-1                  | [0m1:M 01 Sep 2025 00:48:52.316 * Server initialized
[0G7[1B[2K[1B[2K[1B[2K[1B[2K[1B[2K[1B[2K[1B[2K[1B[2K[1B[2K[1B[2K[1B[2K[1B[2K[1B[2K[1B[2K[1B[2K[1B[2K[1B[2K[1B[2K[1B[2K[1B[2K[1B[2K[1B[2K[1B[2K[1B[2K[1B[2K[1B[2K8[2K
[0G[2K
[0G[2A[0G7[26;0H[2K[1;38;2;0;0;0;48;2;255;255;255mw[0m[2m Enable Watch[0m[0G8[0G7[1B[2K[1B[2K[1B[2K[1B[2K[1B[2K[1B[2K[1B[2K[1B[2K[1B[2K[1B[2K[1B[2K[1B[2K[1B[2K[1B[2K[1B[2K[1B[2K[1B[2K[1B[2K[1B[2K[1B[2K[1B[2K[1B[2K[1B[2K[1B[2K[1B[2K[1B[2K8[35mredis-1                  | [0m1:M 01 Sep 2025 00:48:52.316 # Can't open or create append-only dir appendonlydir: Permission denied
[0G7[1B[2K[1B[2K[1B[2K[1B[2K[1B[2K[1B[2K[1B[2K[1B[2K[1B[2K[1B[2K[1B[2K[1B[2K[1B[2K[1B[2K[1B[2K[1B[2K[1B[2K[1B[2K[1B[2K[1B[2K[1B[2K[1B[2K[1B[2K[1B[2K[1B[2K[1B[2K8[2K
[0G[2K
[0G[2A[0G7[26;0H[2K[1;38;2;0;0;0;48;2;255;255;255mw[0m[2m Enable Watch[0m[0G8[0G7[1B[2K[1B[2K[1B[2K[1B[2K[1B[2K[1B[2K[1B[2K[1B[2K[1B[2K[1B[2K[1B[2K[1B[2K[1B[2K[1B[2K[1B[2K[1B[2K[1B[2K[1B[2K[1B[2K[1B[2K[1B[2K[1B[2K[1B[2K[1B[2K[1B[2K[1B[2K8[32mnginx-1                  | [0m/docker-entrypoint.sh: /docker-entrypoint.d/ is not empty, will attempt to perform configuration
[0G7[1B[2K[1B[2K[1B[2K[1B[2K[1B[2K[1B[2K[1B[2K[1B[2K[1B[2K[1B[2K[1B[2K[1B[2K[1B[2K[1B[2K[1B[2K[1B[2K[1B[2K[1B[2K[1B[2K[1B[2K[1B[2K[1B[2K[1B[2K[1B[2K[1B[2K[1B[2K8[2K
[0G[2K
[0G[2A[0G7[26;0H[2K[1;38;2;0;0;0;48;2;255;255;255mw[0m[2m Enable Watch[0m[0G8[0G7[1B[2K[1B[2K[1B[2K[1B[2K[1B[2K[1B[2K[1B[2K[1B[2K[1B[2K[1B[2K[1B[2K[1B[2K[1B[2K[1B[2K[1B[2K[1B[2K[1B[2K[1B[2K[1B[2K[1B[2K[1B[2K[1B[2K[1B[2K[1B[2K[1B[2K[1B[2K8[32mnginx-1                  | [0m/docker-entrypoint.sh: Looking for shell scripts in /docker-entrypoint.d/
[0G7[1B[2K[1B[2K[1B[2K[1B[2K[1B[2K[1B[2K[1B[2K[1B[2K[1B[2K[1B[2K[1B[2K[1B[2K[1B[2K[1B[2K[1B[2K[1B[2K[1B[2K[1B[2K[1B[2K[1B[2K[1B[2K[1B[2K[1B[2K[1B[2K[1B[2K[1B[2K8[2K
[0G[2K
[0G[2A[0G7[26;0H[2K[1;38;2;0;0;0;48;2;255;255;255mw[0m[2m Enable Watch[0m[0G8[0G7[1B[2K[1B[2K[1B[2K[1B[2K[1B[2K[1B[2K[1B[2K[1B[2K[1B[2K[1B[2K[1B[2K[1B[2K[1B[2K[1B[2K[1B[2K[1B[2K[1B[2K[1B[2K[1B[2K[1B[2K[1B[2K[1B[2K[1B[2K[1B[2K[1B[2K[1B[2K8[32mnginx-1                  | [0m/docker-entrypoint.sh: Launching /docker-entrypoint.d/10-listen-on-ipv6-by-default.sh
[0G7[1B[2K[1B[2K[1B[2K[1B[2K[1B[2K[1B[2K[1B[2K[1B[2K[1B[2K[1B[2K[1B[2K[1B[2K[1B[2K[1B[2K[1B[2K[1B[2K[1B[2K[1B[2K[1B[2K[1B[2K[1B[2K[1B[2K[1B[2K[1B[2K[1B[2K[1B[2K8[2K
[0G[2K
[0G[2A[0G7[26;0H[2K[1;38;2;0;0;0;48;2;255;255;255mw[0m[2m Enable Watch[0m[0G8[0G7[1B[2K[1B[2K[1B[2K[1B[2K[1B[2K[1B[2K[1B[2K[1B[2K[1B[2K[1B[2K[1B[2K[1B[2K[1B[2K[1B[2K[1B[2K[1B[2K[1B[2K[1B[2K[1B[2K[1B[2K[1B[2K[1B[2K[1B[2K[1B[2K[1B[2K[1B[2K8[32mnginx-1                  | [0m10-listen-on-ipv6-by-default.sh: info: IPv6 listen already enabled
[0G7[1B[2K[1B[2K[1B[2K[1B[2K[1B[2K[1B[2K[1B[2K[1B[2K[1B[2K[1B[2K[1B[2K[1B[2K[1B[2K[1B[2K[1B[2K[1B[2K[1B[2K[1B[2K[1B[2K[1B[2K[1B[2K[1B[2K[1B[2K[1B[2K[1B[2K[1B[2K8[2K
[0G[2K
[0G[2A[0G7[26;0H[2K[1;38;2;0;0;0;48;2;255;255;255mw[0m[2m Enable Watch[0m[0G8[0G7[1B[2K[1B[2K[1B[2K[1B[2K[1B[2K[1B[2K[1B[2K[1B[2K[1B[2K[1B[2K[1B[2K[1B[2K[1B[2K[1B[2K[1B[2K[1B[2K[1B[2K[1B[2K[1B[2K[1B[2K[1B[2K[1B[2K[1B[2K[1B[2K[1B[2K[1B[2K8[32mnginx-1                  | [0m/docker-entrypoint.sh: Sourcing /docker-entrypoint.d/15-local-resolvers.envsh
[0G7[1B[2K[1B[2K[1B[2K[1B[2K[1B[2K[1B[2K[1B[2K[1B[2K[1B[2K[1B[2K[1B[2K[1B[2K[1B[2K[1B[2K[1B[2K[1B[2K[1B[2K[1B[2K[1B[2K[1B[2K[1B[2K[1B[2K[1B[2K[1B[2K[1B[2K[1B[2K8[2K
[0G[2K
[0G[2A[0G7[26;0H[2K[1;38;2;0;0;0;48;2;255;255;255mw[0m[2m Enable Watch[0m[0G8[0G7[1B[2K[1B[2K[1B[2K[1B[2K[1B[2K[1B[2K[1B[2K[1B[2K[1B[2K[1B[2K[1B[2K[1B[2K[1B[2K[1B[2K[1B[2K[1B[2K[1B[2K[1B[2K[1B[2K[1B[2K[1B[2K[1B[2K[1B[2K[1B[2K[1B[2K[1B[2K8[32mnginx-1                  | [0m/docker-entrypoint.sh: Launching /docker-entrypoint.d/20-envsubst-on-templates.sh
[0G7[1B[2K[1B[2K[1B[2K[1B[2K[1B[2K[1B[2K[1B[2K[1B[2K[1B[2K[1B[2K[1B[2K[1B[2K[1B[2K[1B[2K[1B[2K[1B[2K[1B[2K[1B[2K[1B[2K[1B[2K[1B[2K[1B[2K[1B[2K[1B[2K[1B[2K[1B[2K8[2K
[0G[2K
[0G[2A[0G7[26;0H[2K[1;38;2;0;0;0;48;2;255;255;255mw[0m[2m Enable Watch[0m[0G8[0G7[1B[2K[1B[2K[1B[2K[1B[2K[1B[2K[1B[2K[1B[2K[1B[2K[1B[2K[1B[2K[1B[2K[1B[2K[1B[2K[1B[2K[1B[2K[1B[2K[1B[2K[1B[2K[1B[2K[1B[2K[1B[2K[1B[2K[1B[2K[1B[2K[1B[2K[1B[2K8[32mnginx-1                  | [0m/docker-entrypoint.sh: Launching /docker-entrypoint.d/30-tune-worker-processes.sh
[0G7[1B[2K[1B[2K[1B[2K[1B[2K[1B[2K[1B[2K[1B[2K[1B[2K[1B[2K[1B[2K[1B[2K[1B[2K[1B[2K[1B[2K[1B[2K[1B[2K[1B[2K[1B[2K[1B[2K[1B[2K[1B[2K[1B[2K[1B[2K[1B[2K[1B[2K[1B[2K8[2K
[0G[2K
[0G[2A[0G7[26;0H[2K[1;38;2;0;0;0;48;2;255;255;255mw[0m[2m Enable Watch[0m[0G8[0G7[1B[2K[1B[2K[1B[2K[1B[2K[1B[2K[1B[2K[1B[2K[1B[2K[1B[2K[1B[2K[1B[2K[1B[2K[1B[2K[1B[2K[1B[2K[1B[2K[1B[2K[1B[2K[1B[2K[1B[2K[1B[2K[1B[2K[1B[2K[1B[2K[1B[2K[1B[2K8[32mnginx-1                  | [0m/docker-entrypoint.sh: Configuration complete; ready for start up
[0G7[1B[2K[1B[2K[1B[2K[1B[2K[1B[2K[1B[2K[1B[2K[1B[2K[1B[2K[1B[2K[1B[2K[1B[2K[1B[2K[1B[2K[1B[2K[1B[2K[1B[2K[1B[2K[1B[2K[1B[2K[1B[2K[1B[2K[1B[2K[1B[2K[1B[2K[1B[2K8[2K
[0G[2K
[0G[2A[0G7[26;0H[2K[1;38;2;0;0;0;48;2;255;255;255mw[0m[2m Enable Watch[0m[0G8[0G7[1B[2K[1B[2K[1B[2K[1B[2K[1B[2K[1B[2K[1B[2K[1B[2K[1B[2K[1B[2K[1B[2K[1B[2K[1B[2K[1B[2K[1B[2K[1B[2K[1B[2K[1B[2K[1B[2K[1B[2K[1B[2K[1B[2K[1B[2K[1B[2K[1B[2K[1B[2K8[32mnginx-1                  | [0m2025/09/01 00:48:52 [emerg] 1#1: host not found in upstream "inferno" in /etc/nginx/nginx.conf:68
[0G7[1B[2K[1B[2K[1B[2K[1B[2K[1B[2K[1B[2K[1B[2K[1B[2K[1B[2K[1B[2K[1B[2K[1B[2K[1B[2K[1B[2K[1B[2K[1B[2K[1B[2K[1B[2K[1B[2K[1B[2K[1B[2K[1B[2K[1B[2K[1B[2K[1B[2K[1B[2K8[2K
[0G[2K
[0G[2A[0G7[26;0H[2K[1;38;2;0;0;0;48;2;255;255;255mw[0m[2m Enable Watch[0m[0G8[0G7[1B[2K[1B[2K[1B[2K[1B[2K[1B[2K[1B[2K[1B[2K[1B[2K[1B[2K[1B[2K[1B[2K[1B[2K[1B[2K[1B[2K[1B[2K[1B[2K[1B[2K[1B[2K[1B[2K[1B[2K[1B[2K[1B[2K[1B[2K[1B[2K[1B[2K[1B[2K8[32mnginx-1                  | [0mnginx: [emerg] host not found in upstream "inferno" in /etc/nginx/nginx.conf:68
[0G7[1B[2K[1B[2K[1B[2K[1B[2K[1B[2K[1B[2K[1B[2K[1B[2K[1B[2K[1B[2K[1B[2K[1B[2K[1B[2K[1B[2K[1B[2K[1B[2K[1B[2K[1B[2K[1B[2K[1B[2K[1B[2K[1B[2K[1B[2K[1B[2K[1B[2K[1B[2K8[2K
[0G[2K
[0G[2A[0G7[26;0H[2K[1;38;2;0;0;0;48;2;255;255;255mw[0m[2m Enable Watch[0m[0G8[35m[Kredis-1 exited with code 1
[0m[0G7[1B[2K[1B[2K[1B[2K[1B[2K[1B[2K[1B[2K[1B[2K[1B[2K[1B[2K[1B[2K[1B[2K[1B[2K[1B[2K[1B[2K[1B[2K[1B[2K[1B[2K[1B[2K[1B[2K[1B[2K[1B[2K[1B[2K[1B[2K[1B[2K[1B[2K[1B[2K8[36mhl7_validator_service-1  | [0m2025-09-01 00:48:52.747 [main] INFO  org.eclipse.jetty.util.log - Logging initialized @365ms to org.eclipse.jetty.util.log.Slf4jLog
[0G7[1B[2K[1B[2K[1B[2K[1B[2K[1B[2K[1B[2K[1B[2K[1B[2K[1B[2K[1B[2K[1B[2K[1B[2K[1B[2K[1B[2K[1B[2K[1B[2K[1B[2K[1B[2K[1B[2K[1B[2K[1B[2K[1B[2K[1B[2K[1B[2K[1B[2K[1B[2K8[2K
[0G[2K
[0G[2A[0G7[26;0H[2K[1;38;2;0;0;0;48;2;255;255;255mw[0m[2m Enable Watch[0m[0G8[0G7[1B[2K[1B[2K[1B[2K[1B[2K[1B[2K[1B[2K[1B[2K[1B[2K[1B[2K[1B[2K[1B[2K[1B[2K[1B[2K[1B[2K[1B[2K[1B[2K[1B[2K[1B[2K[1B[2K[1B[2K[1B[2K[1B[2K[1B[2K[1B[2K[1B[2K[1B[2K8[36mhl7_validator_service-1  | [0m2025-09-01 00:48:52.775 [main] INFO  ktor.application - Autoreload is disabled because the development mode is off.
[0G7[1B[2K[1B[2K[1B[2K[1B[2K[1B[2K[1B[2K[1B[2K[1B[2K[1B[2K[1B[2K[1B[2K[1B[2K[1B[2K[1B[2K[1B[2K[1B[2K[1B[2K[1B[2K[1B[2K[1B[2K[1B[2K[1B[2K[1B[2K[1B[2K[1B[2K[1B[2K8[2K
[0G[2K
[0G[2A[0G7[26;0H[2K[1;38;2;0;0;0;48;2;255;255;255mw[0m[2m Enable Watch[0m[0G8[0G7[1B[2K[1B[2K[1B[2K[1B[2K[1B[2K[1B[2K[1B[2K[1B[2K[1B[2K[1B[2K[1B[2K[1B[2K[1B[2K[1B[2K[1B[2K[1B[2K[1B[2K[1B[2K[1B[2K[1B[2K[1B[2K[1B[2K[1B[2K[1B[2K[1B[2K[1B[2K8[36mhl7_validator_service-1  | [0mStarting instance in 0.0.0.0:3500
[0G7[1B[2K[1B[2K[1B[2K[1B[2K[1B[2K[1B[2K[1B[2K[1B[2K[1B[2K[1B[2K[1B[2K[1B[2K[1B[2K[1B[2K[1B[2K[1B[2K[1B[2K[1B[2K[1B[2K[1B[2K[1B[2K[1B[2K[1B[2K[1B[2K[1B[2K[1B[2K8[2K
[0G[2K
[0G[2A[0G7[26;0H[2K[1;38;2;0;0;0;48;2;255;255;255mw[0m[2m Enable Watch[0m[0G8[32m[Knginx-1 exited with code 1
[0m[0G7[1B[2K[1B[2K[1B[2K[1B[2K[1B[2K[1B[2K[1B[2K[1B[2K[1B[2K[1B[2K[1B[2K[1B[2K[1B[2K[1B[2K[1B[2K[1B[2K[1B[2K[1B[2K[1B[2K[1B[2K[1B[2K[1B[2K[1B[2K[1B[2K[1B[2K[1B[2K8[36mhl7_validator_service-1  | [0mAttempting to load presets from ignore-this-do-not-load-presets
[0G7[1B[2K[1B[2K[1B[2K[1B[2K[1B[2K[1B[2K[1B[2K[1B[2K[1B[2K[1B[2K[1B[2K[1B[2K[1B[2K[1B[2K[1B[2K[1B[2K[1B[2K[1B[2K[1B[2K[1B[2K[1B[2K[1B[2K[1B[2K[1B[2K[1B[2K[1B[2K8[2K
[0G[2K
[0G[2A[0G7[26;0H[2K[1;38;2;0;0;0;48;2;255;255;255mw[0m[2m Enable Watch[0m[0G8[0G7[1B[2K[1B[2K[1B[2K[1B[2K[1B[2K[1B[2K[1B[2K[1B[2K[1B[2K[1B[2K[1B[2K[1B[2K[1B[2K[1B[2K[1B[2K[1B[2K[1B[2K[1B[2K[1B[2K[1B[2K[1B[2K[1B[2K[1B[2K[1B[2K[1B[2K[1B[2K8[36mhl7_validator_service-1  | [0mError occurred loading presets. No presets will be loaded
[0G7[1B[2K[1B[2K[1B[2K[1B[2K[1B[2K[1B[2K[1B[2K[1B[2K[1B[2K[1B[2K[1B[2K[1B[2K[1B[2K[1B[2K[1B[2K[1B[2K[1B[2K[1B[2K[1B[2K[1B[2K[1B[2K[1B[2K[1B[2K[1B[2K[1B[2K[1B[2K8[2K
[0G[2K
[0G[2A[0G7[26;0H[2K[1;38;2;0;0;0;48;2;255;255;255mw[0m[2m Enable Watch[0m[0G8[0G7[1B[2K[1B[2K[1B[2K[1B[2K[1B[2K[1B[2K[1B[2K[1B[2K[1B[2K[1B[2K[1B[2K[1B[2K[1B[2K[1B[2K[1B[2K[1B[2K[1B[2K[1B[2K[1B[2K[1B[2K[1B[2K[1B[2K[1B[2K[1B[2K[1B[2K[1B[2K8[36mhl7_validator_service-1  | [0mjava.io.FileNotFoundException: ignore-this-do-not-load-presets (No such file or directory)
[0G7[1B[2K[1B[2K[1B[2K[1B[2K[1B[2K[1B[2K[1B[2K[1B[2K[1B[2K[1B[2K[1B[2K[1B[2K[1B[2K[1B[2K[1B[2K[1B[2K[1B[2K[1B[2K[1B[2K[1B[2K[1B[2K[1B[2K[1B[2K[1B[2K[1B[2K[1B[2K8[2K
[0G[2K
[0G[2A[0G7[26;0H[2K[1;38;2;0;0;0;48;2;255;255;255mw[0m[2m Enable Watch[0m[0G8[0G7[1B[2K[1B[2K[1B[2K[1B[2K[1B[2K[1B[2K[1B[2K[1B[2K[1B[2K[1B[2K[1B[2K[1B[2K[1B[2K[1B[2K[1B[2K[1B[2K[1B[2K[1B[2K[1B[2K[1B[2K[1B[2K[1B[2K[1B[2K[1B[2K[1B[2K[1B[2K8[36mhl7_validator_service-1  | [0m	at java.base/java.io.FileInputStream.open0(Native Method)
[0G7[1B[2K[1B[2K[1B[2K[1B[2K[1B[2K[1B[2K[1B[2K[1B[2K[1B[2K[1B[2K[1B[2K[1B[2K[1B[2K[1B[2K[1B[2K[1B[2K[1B[2K[1B[2K[1B[2K[1B[2K[1B[2K[1B[2K[1B[2K[1B[2K[1B[2K[1B[2K8[2K
[0G[2K
[0G[2A[0G7[26;0H[2K[1;38;2;0;0;0;48;2;255;255;255mw[0m[2m Enable Watch[0m[0G8[0G7[1B[2K[1B[2K[1B[2K[1B[2K[1B[2K[1B[2K[1B[2K[1B[2K[1B[2K[1B[2K[1B[2K[1B[2K[1B[2K[1B[2K[1B[2K[1B[2K[1B[2K[1B[2K[1B[2K[1B[2K[1B[2K[1B[2K[1B[2K[1B[2K[1B[2K[1B[2K8[36mhl7_validator_service-1  | [0m	at java.base/java.io.FileInputStream.open(Unknown Source)
[0G7[1B[2K[1B[2K[1B[2K[1B[2K[1B[2K[1B[2K[1B[2K[1B[2K[1B[2K[1B[2K[1B[2K[1B[2K[1B[2K[1B[2K[1B[2K[1B[2K[1B[2K[1B[2K[1B[2K[1B[2K[1B[2K[1B[2K[1B[2K[1B[2K[1B[2K[1B[2K8[2K
[0G[2K
[0G[2A[0G7[26;0H[2K[1;38;2;0;0;0;48;2;255;255;255mw[0m[2m Enable Watch[0m[0G8[0G7[1B[2K[1B[2K[1B[2K[1B[2K[1B[2K[1B[2K[1B[2K[1B[2K[1B[2K[1B[2K[1B[2K[1B[2K[1B[2K[1B[2K[1B[2K[1B[2K[1B[2K[1B[2K[1B[2K[1B[2K[1B[2K[1B[2K[1B[2K[1B[2K[1B[2K[1B[2K8[36mhl7_validator_service-1  | [0m	at java.base/java.io.FileInputStream.<init>(Unknown Source)
[0G7[1B[2K[1B[2K[1B[2K[1B[2K[1B[2K[1B[2K[1B[2K[1B[2K[1B[2K[1B[2K[1B[2K[1B[2K[1B[2K[1B[2K[1B[2K[1B[2K[1B[2K[1B[2K[1B[2K[1B[2K[1B[2K[1B[2K[1B[2K[1B[2K[1B[2K[1B[2K8[2K
[0G[2K
[0G[2A[0G7[26;0H[2K[1;38;2;0;0;0;48;2;255;255;255mw[0m[2m Enable Watch[0m[0G8[0G7[1B[2K[1B[2K[1B[2K[1B[2K[1B[2K[1B[2K[1B[2K[1B[2K[1B[2K[1B[2K[1B[2K[1B[2K[1B[2K[1B[2K[1B[2K[1B[2K[1B[2K[1B[2K[1B[2K[1B[2K[1B[2K[1B[2K[1B[2K[1B[2K[1B[2K[1B[2K8[36mhl7_validator_service-1  | [0m	at kotlin.io.FilesKt__FileReadWriteKt.readText(FileReadWrite.kt:125)
[0G7[1B[2K[1B[2K[1B[2K[1B[2K[1B[2K[1B[2K[1B[2K[1B[2K[1B[2K[1B[2K[1B[2K[1B[2K[1B[2K[1B[2K[1B[2K[1B[2K[1B[2K[1B[2K[1B[2K[1B[2K[1B[2K[1B[2K[1B[2K[1B[2K[1B[2K[1B[2K8[2K
[0G[2K
[0G[2A[0G7[26;0H[2K[1;38;2;0;0;0;48;2;255;255;255mw[0m[2m Enable Watch[0m[0G8[0G7[1B[2K[1B[2K[1B[2K[1B[2K[1B[2K[1B[2K[1B[2K[1B[2K[1B[2K[1B[2K[1B[2K[1B[2K[1B[2K[1B[2K[1B[2K[1B[2K[1B[2K[1B[2K[1B[2K[1B[2K[1B[2K[1B[2K[1B[2K[1B[2K[1B[2K[1B[2K8[36mhl7_validator_service-1  | [0m	at kotlin.io.FilesKt__FileReadWriteKt.readText$default(FileReadWrite.kt:125)
[0G7[1B[2K[1B[2K[1B[2K[1B[2K[1B[2K[1B[2K[1B[2K[1B[2K[1B[2K[1B[2K[1B[2K[1B[2K[1B[2K[1B[2K[1B[2K[1B[2K[1B[2K[1B[2K[1B[2K[1B[2K[1B[2K[1B[2K[1B[2K[1B[2K[1B[2K[1B[2K8[2K
[0G[2K
[0G[2A[0G7[26;0H[2K[1;38;2;0;0;0;48;2;255;255;255mw[0m[2m Enable Watch[0m[0G8[0G7[1B[2K[1B[2K[1B[2K[1B[2K[1B[2K[1B[2K[1B[2K[1B[2K[1B[2K[1B[2K[1B[2K[1B[2K[1B[2K[1B[2K[1B[2K[1B[2K[1B[2K[1B[2K[1B[2K[1B[2K[1B[2K[1B[2K[1B[2K[1B[2K[1B[2K[1B[2K8[36mhl7_validator_service-1  | [0m	at controller.validation.ValidationServiceFactoryImpl.loadPresets(ValidationServiceFactoryImpl.kt:58)
[0G7[1B[2K[1B[2K[1B[2K[1B[2K[1B[2K[1B[2K[1B[2K[1B[2K[1B[2K[1B[2K[1B[2K[1B[2K[1B[2K[1B[2K[1B[2K[1B[2K[1B[2K[1B[2K[1B[2K[1B[2K[1B[2K[1B[2K[1B[2K[1B[2K[1B[2K[1B[2K8[2K
[0G[2K
[0G[2A[0G7[26;0H[2K[1;38;2;0;0;0;48;2;255;255;255mw[0m[2m Enable Watch[0m[0G8[0G7[1B[2K[1B[2K[1B[2K[1B[2K[1B[2K[1B[2K[1B[2K[1B[2K[1B[2K[1B[2K[1B[2K[1B[2K[1B[2K[1B[2K[1B[2K[1B[2K[1B[2K[1B[2K[1B[2K[1B[2K[1B[2K[1B[2K[1B[2K[1B[2K[1B[2K[1B[2K8[36mhl7_validator_service-1  | [0m	at controller.validation.ValidationServiceFactoryImpl.<init>(ValidationServiceFactoryImpl.kt:23)
[0G7[1B[2K[1B[2K[1B[2K[1B[2K[1B[2K[1B[2K[1B[2K[1B[2K[1B[2K[1B[2K[1B[2K[1B[2K[1B[2K[1B[2K[1B[2K[1B[2K[1B[2K[1B[2K[1B[2K[1B[2K[1B[2K[1B[2K[1B[2K[1B[2K[1B[2K[1B[2K8[2K
[0G[2K
[0G[2A[0G7[26;0H[2K[1;38;2;0;0;0;48;2;255;255;255mw[0m[2m Enable Watch[0m[0G8[0G7[1B[2K[1B[2K[1B[2K[1B[2K[1B[2K[1B[2K[1B[2K[1B[2K[1B[2K[1B[2K[1B[2K[1B[2K[1B[2K[1B[2K[1B[2K[1B[2K[1B[2K[1B[2K[1B[2K[1B[2K[1B[2K[1B[2K[1B[2K[1B[2K[1B[2K[1B[2K8[36mhl7_validator_service-1  | [0m	at api.ApiInjection$koinBeans$1$1.invoke(ApiInjection.kt:20)
[0G7[1B[2K[1B[2K[1B[2K[1B[2K[1B[2K[1B[2K[1B[2K[1B[2K[1B[2K[1B[2K[1B[2K[1B[2K[1B[2K[1B[2K[1B[2K[1B[2K[1B[2K[1B[2K[1B[2K[1B[2K[1B[2K[1B[2K[1B[2K[1B[2K[1B[2K[1B[2K8[2K
[0G[2K
[0G[2A[0G7[26;0H[2K[1;38;2;0;0;0;48;2;255;255;255mw[0m[2m Enable Watch[0m[0G8[0G7[1B[2K[1B[2K[1B[2K[1B[2K[1B[2K[1B[2K[1B[2K[1B[2K[1B[2K[1B[2K[1B[2K[1B[2K[1B[2K[1B[2K[1B[2K[1B[2K[1B[2K[1B[2K[1B[2K[1B[2K[1B[2K[1B[2K[1B[2K[1B[2K[1B[2K[1B[2K8[36mhl7_validator_service-1  | [0m	at api.ApiInjection$koinBeans$1$1.invoke(ApiInjection.kt:18)
[0G7[1B[2K[1B[2K[1B[2K[1B[2K[1B[2K[1B[2K[1B[2K[1B[2K[1B[2K[1B[2K[1B[2K[1B[2K[1B[2K[1B[2K[1B[2K[1B[2K[1B[2K[1B[2K[1B[2K[1B[2K[1B[2K[1B[2K[1B[2K[1B[2K[1B[2K[1B[2K8[2K
[0G[2K
[0G[2A[0G7[26;0H[2K[1;38;2;0;0;0;48;2;255;255;255mw[0m[2m Enable Watch[0m[0G8[0G7[1B[2K[1B[2K[1B[2K[1B[2K[1B[2K[1B[2K[1B[2K[1B[2K[1B[2K[1B[2K[1B[2K[1B[2K[1B[2K[1B[2K[1B[2K[1B[2K[1B[2K[1B[2K[1B[2K[1B[2K[1B[2K[1B[2K[1B[2K[1B[2K[1B[2K[1B[2K8[36mhl7_validator_service-1  | [0m	at org.koin.core.instance.InstanceFactory.create(InstanceFactory.kt:54)
[0G7[1B[2K[1B[2K[1B[2K[1B[2K[1B[2K[1B[2K[1B[2K[1B[2K[1B[2K[1B[2K[1B[2K[1B[2K[1B[2K[1B[2K[1B[2K[1B[2K[1B[2K[1B[2K[1B[2K[1B[2K[1B[2K[1B[2K[1B[2K[1B[2K[1B[2K[1B[2K8[2K
[0G[2K
[0G[2A[0G7[26;0H[2K[1;38;2;0;0;0;48;2;255;255;255mw[0m[2m Enable Watch[0m[0G8[0G7[1B[2K[1B[2K[1B[2K[1B[2K[1B[2K[1B[2K[1B[2K[1B[2K[1B[2K[1B[2K[1B[2K[1B[2K[1B[2K[1B[2K[1B[2K[1B[2K[1B[2K[1B[2K[1B[2K[1B[2K[1B[2K[1B[2K[1B[2K[1B[2K[1B[2K[1B[2K8[36mhl7_validator_service-1  | [0m	at org.koin.core.instance.SingleInstanceFactory.create(SingleInstanceFactory.kt:46)
[0G7[1B[2K[1B[2K[1B[2K[1B[2K[1B[2K[1B[2K[1B[2K[1B[2K[1B[2K[1B[2K[1B[2K[1B[2K[1B[2K[1B[2K[1B[2K[1B[2K[1B[2K[1B[2K[1B[2K[1B[2K[1B[2K[1B[2K[1B[2K[1B[2K[1B[2K[1B[2K8[2K
[0G[2K
[0G[2A[0G7[26;0H[2K[1;38;2;0;0;0;48;2;255;255;255mw[0m[2m Enable Watch[0m[0G8[0G7[1B[2K[1B[2K[1B[2K[1B[2K[1B[2K[1B[2K[1B[2K[1B[2K[1B[2K[1B[2K[1B[2K[1B[2K[1B[2K[1B[2K[1B[2K[1B[2K[1B[2K[1B[2K[1B[2K[1B[2K[1B[2K[1B[2K[1B[2K[1B[2K[1B[2K[1B[2K8[36mhl7_validator_service-1  | [0m	at org.koin.core.instance.SingleInstanceFactory$get$1.invoke(SingleInstanceFactory.kt:53)
[0G7[1B[2K[1B[2K[1B[2K[1B[2K[1B[2K[1B[2K[1B[2K[1B[2K[1B[2K[1B[2K[1B[2K[1B[2K[1B[2K[1B[2K[1B[2K[1B[2K[1B[2K[1B[2K[1B[2K[1B[2K[1B[2K[1B[2K[1B[2K[1B[2K[1B[2K[1B[2K8[2K
[0G[2K
[0G[2A[0G7[26;0H[2K[1;38;2;0;0;0;48;2;255;255;255mw[0m[2m Enable Watch[0m[0G8[0G7[1B[2K[1B[2K[1B[2K[1B[2K[1B[2K[1B[2K[1B[2K[1B[2K[1B[2K[1B[2K[1B[2K[1B[2K[1B[2K[1B[2K[1B[2K[1B[2K[1B[2K[1B[2K[1B[2K[1B[2K[1B[2K[1B[2K[1B[2K[1B[2K[1B[2K[1B[2K8[36mhl7_validator_service-1  | [0m	at org.koin.core.instance.SingleInstanceFactory$get$1.invoke(SingleInstanceFactory.kt:51)
[0G7[1B[2K[1B[2K[1B[2K[1B[2K[1B[2K[1B[2K[1B[2K[1B[2K[1B[2K[1B[2K[1B[2K[1B[2K[1B[2K[1B[2K[1B[2K[1B[2K[1B[2K[1B[2K[1B[2K[1B[2K[1B[2K[1B[2K[1B[2K[1B[2K[1B[2K[1B[2K8[2K
[0G[2K
[0G[2A[0G7[26;0H[2K[1;38;2;0;0;0;48;2;255;255;255mw[0m[2m Enable Watch[0m[0G8[0G7[1B[2K[1B[2K[1B[2K[1B[2K[1B[2K[1B[2K[1B[2K[1B[2K[1B[2K[1B[2K[1B[2K[1B[2K[1B[2K[1B[2K[1B[2K[1B[2K[1B[2K[1B[2K[1B[2K[1B[2K[1B[2K[1B[2K[1B[2K[1B[2K[1B[2K[1B[2K8[36mhl7_validator_service-1  | [0m	at org.koin.mp.KoinPlatformTools.synchronized(KoinPlatformTools.kt:20)
[0G7[1B[2K[1B[2K[1B[2K[1B[2K[1B[2K[1B[2K[1B[2K[1B[2K[1B[2K[1B[2K[1B[2K[1B[2K[1B[2K[1B[2K[1B[2K[1B[2K[1B[2K[1B[2K[1B[2K[1B[2K[1B[2K[1B[2K[1B[2K[1B[2K[1B[2K[1B[2K8[2K
[0G[2K
[0G[2A[0G7[26;0H[2K[1;38;2;0;0;0;48;2;255;255;255mw[0m[2m Enable Watch[0m[0G8[0G7[1B[2K[1B[2K[1B[2K[1B[2K[1B[2K[1B[2K[1B[2K[1B[2K[1B[2K[1B[2K[1B[2K[1B[2K[1B[2K[1B[2K[1B[2K[1B[2K[1B[2K[1B[2K[1B[2K[1B[2K[1B[2K[1B[2K[1B[2K[1B[2K[1B[2K[1B[2K8[36mhl7_validator_service-1  | [0m	at org.koin.core.instance.SingleInstanceFactory.get(SingleInstanceFactory.kt:51)
[0G7[1B[2K[1B[2K[1B[2K[1B[2K[1B[2K[1B[2K[1B[2K[1B[2K[1B[2K[1B[2K[1B[2K[1B[2K[1B[2K[1B[2K[1B[2K[1B[2K[1B[2K[1B[2K[1B[2K[1B[2K[1B[2K[1B[2K[1B[2K[1B[2K[1B[2K[1B[2K8[2K
[0G[2K
[0G[2A[0G7[26;0H[2K[1;38;2;0;0;0;48;2;255;255;255mw[0m[2m Enable Watch[0m[0G8[0G7[1B[2K[1B[2K[1B[2K[1B[2K[1B[2K[1B[2K[1B[2K[1B[2K[1B[2K[1B[2K[1B[2K[1B[2K[1B[2K[1B[2K[1B[2K[1B[2K[1B[2K[1B[2K[1B[2K[1B[2K[1B[2K[1B[2K[1B[2K[1B[2K[1B[2K[1B[2K8[36mhl7_validator_service-1  | [0m	at org.koin.core.registry.InstanceRegistry.createEagerInstances(InstanceRegistry.kt:91)
[0G7[1B[2K[1B[2K[1B[2K[1B[2K[1B[2K[1B[2K[1B[2K[1B[2K[1B[2K[1B[2K[1B[2K[1B[2K[1B[2K[1B[2K[1B[2K[1B[2K[1B[2K[1B[2K[1B[2K[1B[2K[1B[2K[1B[2K[1B[2K[1B[2K[1B[2K[1B[2K8[2K
[0G[2K
[0G[2A[0G7[26;0H[2K[1;38;2;0;0;0;48;2;255;255;255mw[0m[2m Enable Watch[0m[0G8[0G7[1B[2K[1B[2K[1B[2K[1B[2K[1B[2K[1B[2K[1B[2K[1B[2K[1B[2K[1B[2K[1B[2K[1B[2K[1B[2K[1B[2K[1B[2K[1B[2K[1B[2K[1B[2K[1B[2K[1B[2K[1B[2K[1B[2K[1B[2K[1B[2K[1B[2K[1B[2K8[36mhl7_validator_service-1  | [0m	at org.koin.core.registry.InstanceRegistry.createAllEagerInstances$koin_core(InstanceRegistry.kt:54)
[0G7[1B[2K[1B[2K[1B[2K[1B[2K[1B[2K[1B[2K[1B[2K[1B[2K[1B[2K[1B[2K[1B[2K[1B[2K[1B[2K[1B[2K[1B[2K[1B[2K[1B[2K[1B[2K[1B[2K[1B[2K[1B[2K[1B[2K[1B[2K[1B[2K[1B[2K[1B[2K8[2K
[0G[2K
[0G[2A[0G7[26;0H[2K[1;38;2;0;0;0;48;2;255;255;255mw[0m[2m Enable Watch[0m[0G8[0G7[1B[2K[1B[2K[1B[2K[1B[2K[1B[2K[1B[2K[1B[2K[1B[2K[1B[2K[1B[2K[1B[2K[1B[2K[1B[2K[1B[2K[1B[2K[1B[2K[1B[2K[1B[2K[1B[2K[1B[2K[1B[2K[1B[2K[1B[2K[1B[2K[1B[2K[1B[2K8[36mhl7_validator_service-1  | [0m	at org.koin.core.Koin.createEagerInstances(Koin.kt:348)
[0G7[1B[2K[1B[2K[1B[2K[1B[2K[1B[2K[1B[2K[1B[2K[1B[2K[1B[2K[1B[2K[1B[2K[1B[2K[1B[2K[1B[2K[1B[2K[1B[2K[1B[2K[1B[2K[1B[2K[1B[2K[1B[2K[1B[2K[1B[2K[1B[2K[1B[2K[1B[2K8[2K
[0G[2K
[0G[2A[0G7[26;0H[2K[1;38;2;0;0;0;48;2;255;255;255mw[0m[2m Enable Watch[0m[0G8[0G7[1B[2K[1B[2K[1B[2K[1B[2K[1B[2K[1B[2K[1B[2K[1B[2K[1B[2K[1B[2K[1B[2K[1B[2K[1B[2K[1B[2K[1B[2K[1B[2K[1B[2K[1B[2K[1B[2K[1B[2K[1B[2K[1B[2K[1B[2K[1B[2K[1B[2K[1B[2K8[36mhl7_validator_service-1  | [0m	at org.koin.core.KoinApplication.createEagerInstances(KoinApplication.kt:74)
[0G7[1B[2K[1B[2K[1B[2K[1B[2K[1B[2K[1B[2K[1B[2K[1B[2K[1B[2K[1B[2K[1B[2K[1B[2K[1B[2K[1B[2K[1B[2K[1B[2K[1B[2K[1B[2K[1B[2K[1B[2K[1B[2K[1B[2K[1B[2K[1B[2K[1B[2K[1B[2K8[2K
[0G[2K
[0G[2A[0G7[26;0H[2K[1;38;2;0;0;0;48;2;255;255;255mw[0m[2m Enable Watch[0m[0G8[0G7[1B[2K[1B[2K[1B[2K[1B[2K[1B[2K[1B[2K[1B[2K[1B[2K[1B[2K[1B[2K[1B[2K[1B[2K[1B[2K[1B[2K[1B[2K[1B[2K[1B[2K[1B[2K[1B[2K[1B[2K[1B[2K[1B[2K[1B[2K[1B[2K[1B[2K[1B[2K8[36mhl7_validator_service-1  | [0m	at org.koin.core.context.GlobalContext.startKoin(GlobalContext.kt:58)
[0G7[1B[2K[1B[2K[1B[2K[1B[2K[1B[2K[1B[2K[1B[2K[1B[2K[1B[2K[1B[2K[1B[2K[1B[2K[1B[2K[1B[2K[1B[2K[1B[2K[1B[2K[1B[2K[1B[2K[1B[2K[1B[2K[1B[2K[1B[2K[1B[2K[1B[2K[1B[2K8[2K
[0G[2K
[0G[2A[0G7[26;0H[2K[1;38;2;0;0;0;48;2;255;255;255mw[0m[2m Enable Watch[0m[0G8[0G7[1B[2K[1B[2K[1B[2K[1B[2K[1B[2K[1B[2K[1B[2K[1B[2K[1B[2K[1B[2K[1B[2K[1B[2K[1B[2K[1B[2K[1B[2K[1B[2K[1B[2K[1B[2K[1B[2K[1B[2K[1B[2K[1B[2K[1B[2K[1B[2K[1B[2K[1B[2K8[36mhl7_validator_service-1  | [0m	at org.koin.core.context.DefaultContextExtKt.startKoin(DefaultContextExt.kt:26)
[0G7[1B[2K[1B[2K[1B[2K[1B[2K[1B[2K[1B[2K[1B[2K[1B[2K[1B[2K[1B[2K[1B[2K[1B[2K[1B[2K[1B[2K[1B[2K[1B[2K[1B[2K[1B[2K[1B[2K[1B[2K[1B[2K[1B[2K[1B[2K[1B[2K[1B[2K[1B[2K8[2K
[0G[2K
[0G[2A[0G7[26;0H[2K[1;38;2;0;0;0;48;2;255;255;255mw[0m[2m Enable Watch[0m[0G8[0G7[1B[2K[1B[2K[1B[2K[1B[2K[1B[2K[1B[2K[1B[2K[1B[2K[1B[2K[1B[2K[1B[2K[1B[2K[1B[2K[1B[2K[1B[2K[1B[2K[1B[2K[1B[2K[1B[2K[1B[2K[1B[2K[1B[2K[1B[2K[1B[2K[1B[2K[1B[2K8[36mhl7_validator_service-1  | [0m	at org.koin.ktor.plugin.KoinPluginKt$Koin$2.invoke(KoinPlugin.kt:37)
[0G7[1B[2K[1B[2K[1B[2K[1B[2K[1B[2K[1B[2K[1B[2K[1B[2K[1B[2K[1B[2K[1B[2K[1B[2K[1B[2K[1B[2K[1B[2K[1B[2K[1B[2K[1B[2K[1B[2K[1B[2K[1B[2K[1B[2K[1B[2K[1B[2K[1B[2K[1B[2K8[2K
[0G[2K
[0G[2A[0G7[26;0H[2K[1;38;2;0;0;0;48;2;255;255;255mw[0m[2m Enable Watch[0m[0G8[0G7[1B[2K[1B[2K[1B[2K[1B[2K[1B[2K[1B[2K[1B[2K[1B[2K[1B[2K[1B[2K[1B[2K[1B[2K[1B[2K[1B[2K[1B[2K[1B[2K[1B[2K[1B[2K[1B[2K[1B[2K[1B[2K[1B[2K[1B[2K[1B[2K[1B[2K[1B[2K8[36mhl7_validator_service-1  | [0m	at org.koin.ktor.plugin.KoinPluginKt$Koin$2.invoke(KoinPlugin.kt:35)
[0G7[1B[2K[1B[2K[1B[2K[1B[2K[1B[2K[1B[2K[1B[2K[1B[2K[1B[2K[1B[2K[1B[2K[1B[2K[1B[2K[1B[2K[1B[2K[1B[2K[1B[2K[1B[2K[1B[2K[1B[2K[1B[2K[1B[2K[1B[2K[1B[2K[1B[2K[1B[2K8[2K
[0G[2K
[0G[2A[0G7[26;0H[2K[1;38;2;0;0;0;48;2;255;255;255mw[0m[2m Enable Watch[0m[0G8[0G7[1B[2K[1B[2K[1B[2K[1B[2K[1B[2K[1B[2K[1B[2K[1B[2K[1B[2K[1B[2K[1B[2K[1B[2K[1B[2K[1B[2K[1B[2K[1B[2K[1B[2K[1B[2K[1B[2K[1B[2K[1B[2K[1B[2K[1B[2K[1B[2K[1B[2K[1B[2K8[36mhl7_validator_service-1  | [0m	at io.ktor.server.application.CreatePluginUtilsKt.setupPlugin(CreatePluginUtils.kt:175)
[0G7[1B[2K[1B[2K[1B[2K[1B[2K[1B[2K[1B[2K[1B[2K[1B[2K[1B[2K[1B[2K[1B[2K[1B[2K[1B[2K[1B[2K[1B[2K[1B[2K[1B[2K[1B[2K[1B[2K[1B[2K[1B[2K[1B[2K[1B[2K[1B[2K[1B[2K[1B[2K8[2K
[0G[2K
[0G[2A[0G7[26;0H[2K[1;38;2;0;0;0;48;2;255;255;255mw[0m[2m Enable Watch[0m[0G8[0G7[1B[2K[1B[2K[1B[2K[1B[2K[1B[2K[1B[2K[1B[2K[1B[2K[1B[2K[1B[2K[1B[2K[1B[2K[1B[2K[1B[2K[1B[2K[1B[2K[1B[2K[1B[2K[1B[2K[1B[2K[1B[2K[1B[2K[1B[2K[1B[2K[1B[2K[1B[2K8[36mhl7_validator_service-1  | [0m	at io.ktor.server.application.CreatePluginUtilsKt.createPluginInstance(CreatePluginUtils.kt:168)
[0G7[1B[2K[1B[2K[1B[2K[1B[2K[1B[2K[1B[2K[1B[2K[1B[2K[1B[2K[1B[2K[1B[2K[1B[2K[1B[2K[1B[2K[1B[2K[1B[2K[1B[2K[1B[2K[1B[2K[1B[2K[1B[2K[1B[2K[1B[2K[1B[2K[1B[2K[1B[2K8[2K
[0G[2K
[0G[2A[0G7[26;0H[2K[1;38;2;0;0;0;48;2;255;255;255mw[0m[2m Enable Watch[0m[0G8[0G7[1B[2K[1B[2K[1B[2K[1B[2K[1B[2K[1B[2K[1B[2K[1B[2K[1B[2K[1B[2K[1B[2K[1B[2K[1B[2K[1B[2K[1B[2K[1B[2K[1B[2K[1B[2K[1B[2K[1B[2K[1B[2K[1B[2K[1B[2K[1B[2K[1B[2K[1B[2K8[36mhl7_validator_service-1  | [0m	at io.ktor.server.application.CreatePluginUtilsKt.access$createPluginInstance(CreatePluginUtils.kt:1)
[0G7[1B[2K[1B[2K[1B[2K[1B[2K[1B[2K[1B[2K[1B[2K[1B[2K[1B[2K[1B[2K[1B[2K[1B[2K[1B[2K[1B[2K[1B[2K[1B[2K[1B[2K[1B[2K[1B[2K[1B[2K[1B[2K[1B[2K[1B[2K[1B[2K[1B[2K[1B[2K8[2K
[0G[2K
[0G[2A[0G7[26;0H[2K[1;38;2;0;0;0;48;2;255;255;255mw[0m[2m Enable Watch[0m[0G8[0G7[1B[2K[1B[2K[1B[2K[1B[2K[1B[2K[1B[2K[1B[2K[1B[2K[1B[2K[1B[2K[1B[2K[1B[2K[1B[2K[1B[2K[1B[2K[1B[2K[1B[2K[1B[2K[1B[2K[1B[2K[1B[2K[1B[2K[1B[2K[1B[2K[1B[2K[1B[2K8[36mhl7_validator_service-1  | [0m	at io.ktor.server.application.CreatePluginUtilsKt$createApplicationPlugin$1.install(CreatePluginUtils.kt:46)
[0G7[1B[2K[1B[2K[1B[2K[1B[2K[1B[2K[1B[2K[1B[2K[1B[2K[1B[2K[1B[2K[1B[2K[1B[2K[1B[2K[1B[2K[1B[2K[1B[2K[1B[2K[1B[2K[1B[2K[1B[2K[1B[2K[1B[2K[1B[2K[1B[2K[1B[2K[1B[2K8[2K
[0G[2K
[0G[2A[0G7[26;0H[2K[1;38;2;0;0;0;48;2;255;255;255mw[0m[2m Enable Watch[0m[0G8[0G7[1B[2K[1B[2K[1B[2K[1B[2K[1B[2K[1B[2K[1B[2K[1B[2K[1B[2K[1B[2K[1B[2K[1B[2K[1B[2K[1B[2K[1B[2K[1B[2K[1B[2K[1B[2K[1B[2K[1B[2K[1B[2K[1B[2K[1B[2K[1B[2K[1B[2K[1B[2K8[36mhl7_validator_service-1  | [0m	at io.ktor.server.application.CreatePluginUtilsKt$createApplicationPlugin$1.install(CreatePluginUtils.kt:39)
[0G7[1B[2K[1B[2K[1B[2K[1B[2K[1B[2K[1B[2K[1B[2K[1B[2K[1B[2K[1B[2K[1B[2K[1B[2K[1B[2K[1B[2K[1B[2K[1B[2K[1B[2K[1B[2K[1B[2K[1B[2K[1B[2K[1B[2K[1B[2K[1B[2K[1B[2K[1B[2K8[2K
[0G[2K
[0G[2A[0G7[26;0H[2K[1;38;2;0;0;0;48;2;255;255;255mw[0m[2m Enable Watch[0m[0G8[0G7[1B[2K[1B[2K[1B[2K[1B[2K[1B[2K[1B[2K[1B[2K[1B[2K[1B[2K[1B[2K[1B[2K[1B[2K[1B[2K[1B[2K[1B[2K[1B[2K[1B[2K[1B[2K[1B[2K[1B[2K[1B[2K[1B[2K[1B[2K[1B[2K[1B[2K[1B[2K8[36mhl7_validator_service-1  | [0m	at io.ktor.server.application.ApplicationPluginKt.install(ApplicationPlugin.kt:98)
[0G7[1B[2K[1B[2K[1B[2K[1B[2K[1B[2K[1B[2K[1B[2K[1B[2K[1B[2K[1B[2K[1B[2K[1B[2K[1B[2K[1B[2K[1B[2K[1B[2K[1B[2K[1B[2K[1B[2K[1B[2K[1B[2K[1B[2K[1B[2K[1B[2K[1B[2K[1B[2K8[2K
[0G[2K
[0G[2A[0G7[26;0H[2K[1;38;2;0;0;0;48;2;255;255;255mw[0m[2m Enable Watch[0m[0G8[0G7[1B[2K[1B[2K[1B[2K[1B[2K[1B[2K[1B[2K[1B[2K[1B[2K[1B[2K[1B[2K[1B[2K[1B[2K[1B[2K[1B[2K[1B[2K[1B[2K[1B[2K[1B[2K[1B[2K[1B[2K[1B[2K[1B[2K[1B[2K[1B[2K[1B[2K[1B[2K8[36mhl7_validator_service-1  | [0m	at ServerKt$startServer$1$1.invoke(Server.kt:58)
[0G7[1B[2K[1B[2K[1B[2K[1B[2K[1B[2K[1B[2K[1B[2K[1B[2K[1B[2K[1B[2K[1B[2K[1B[2K[1B[2K[1B[2K[1B[2K[1B[2K[1B[2K[1B[2K[1B[2K[1B[2K[1B[2K[1B[2K[1B[2K[1B[2K[1B[2K[1B[2K8[2K
[0G[2K
[0G[2A[0G7[26;0H[2K[1;38;2;0;0;0;48;2;255;255;255mw[0m[2m Enable Watch[0m[0G8[0G7[1B[2K[1B[2K[1B[2K[1B[2K[1B[2K[1B[2K[1B[2K[1B[2K[1B[2K[1B[2K[1B[2K[1B[2K[1B[2K[1B[2K[1B[2K[1B[2K[1B[2K[1B[2K[1B[2K[1B[2K[1B[2K[1B[2K[1B[2K[1B[2K[1B[2K[1B[2K8[36mhl7_validator_service-1  | [0m	at ServerKt$startServer$1$1.invoke(Server.kt:57)
[0G7[1B[2K[1B[2K[1B[2K[1B[2K[1B[2K[1B[2K[1B[2K[1B[2K[1B[2K[1B[2K[1B[2K[1B[2K[1B[2K[1B[2K[1B[2K[1B[2K[1B[2K[1B[2K[1B[2K[1B[2K[1B[2K[1B[2K[1B[2K[1B[2K[1B[2K[1B[2K8[2K
[0G[2K
[0G[2A[0G7[26;0H[2K[1;38;2;0;0;0;48;2;255;255;255mw[0m[2m Enable Watch[0m[0G8[0G7[1B[2K[1B[2K[1B[2K[1B[2K[1B[2K[1B[2K[1B[2K[1B[2K[1B[2K[1B[2K[1B[2K[1B[2K[1B[2K[1B[2K[1B[2K[1B[2K[1B[2K[1B[2K[1B[2K[1B[2K[1B[2K[1B[2K[1B[2K[1B[2K[1B[2K[1B[2K8[36mhl7_validator_service-1  | [0m	at org.koin.dsl.ModuleDSLKt.module(ModuleDSL.kt:37)
[0G7[1B[2K[1B[2K[1B[2K[1B[2K[1B[2K[1B[2K[1B[2K[1B[2K[1B[2K[1B[2K[1B[2K[1B[2K[1B[2K[1B[2K[1B[2K[1B[2K[1B[2K[1B[2K[1B[2K[1B[2K[1B[2K[1B[2K[1B[2K[1B[2K[1B[2K[1B[2K8[2K
[0G[2K
[0G[2A[0G7[26;0H[2K[1;38;2;0;0;0;48;2;255;255;255mw[0m[2m Enable Watch[0m[0G8[0G7[1B[2K[1B[2K[1B[2K[1B[2K[1B[2K[1B[2K[1B[2K[1B[2K[1B[2K[1B[2K[1B[2K[1B[2K[1B[2K[1B[2K[1B[2K[1B[2K[1B[2K[1B[2K[1B[2K[1B[2K[1B[2K[1B[2K[1B[2K[1B[2K[1B[2K[1B[2K8[36mhl7_validator_service-1  | [0m	at org.koin.dsl.ModuleDSLKt.module$default(ModuleDSL.kt:35)
[0G7[1B[2K[1B[2K[1B[2K[1B[2K[1B[2K[1B[2K[1B[2K[1B[2K[1B[2K[1B[2K[1B[2K[1B[2K[1B[2K[1B[2K[1B[2K[1B[2K[1B[2K[1B[2K[1B[2K[1B[2K[1B[2K[1B[2K[1B[2K[1B[2K[1B[2K[1B[2K8[2K
[0G[2K
[0G[2A[0G7[26;0H[2K[1;38;2;0;0;0;48;2;255;255;255mw[0m[2m Enable Watch[0m[0G8[0G7[1B[2K[1B[2K[1B[2K[1B[2K[1B[2K[1B[2K[1B[2K[1B[2K[1B[2K[1B[2K[1B[2K[1B[2K[1B[2K[1B[2K[1B[2K[1B[2K[1B[2K[1B[2K[1B[2K[1B[2K[1B[2K[1B[2K[1B[2K[1B[2K[1B[2K[1B[2K8[36mhl7_validator_service-1  | [0m	at ServerKt$startServer$1.invoke(Server.kt:57)
[0G7[1B[2K[1B[2K[1B[2K[1B[2K[1B[2K[1B[2K[1B[2K[1B[2K[1B[2K[1B[2K[1B[2K[1B[2K[1B[2K[1B[2K[1B[2K[1B[2K[1B[2K[1B[2K[1B[2K[1B[2K[1B[2K[1B[2K[1B[2K[1B[2K[1B[2K[1B[2K8[2K
[0G[2K
[0G[2A[0G7[26;0H[2K[1;38;2;0;0;0;48;2;255;255;255mw[0m[2m Enable Watch[0m[0G8[0G7[1B[2K[1B[2K[1B[2K[1B[2K[1B[2K[1B[2K[1B[2K[1B[2K[1B[2K[1B[2K[1B[2K[1B[2K[1B[2K[1B[2K[1B[2K[1B[2K[1B[2K[1B[2K[1B[2K[1B[2K[1B[2K[1B[2K[1B[2K[1B[2K[1B[2K[1B[2K8[36mhl7_validator_service-1  | [0m	at ServerKt$startServer$1.invoke(Server.kt:55)
[0G7[1B[2K[1B[2K[1B[2K[1B[2K[1B[2K[1B[2K[1B[2K[1B[2K[1B[2K[1B[2K[1B[2K[1B[2K[1B[2K[1B[2K[1B[2K[1B[2K[1B[2K[1B[2K[1B[2K[1B[2K[1B[2K[1B[2K[1B[2K[1B[2K[1B[2K[1B[2K8[2K
[0G[2K
[0G[2A[0G7[26;0H[2K[1;38;2;0;0;0;48;2;255;255;255mw[0m[2m Enable Watch[0m[0G8[0G7[1B[2K[1B[2K[1B[2K[1B[2K[1B[2K[1B[2K[1B[2K[1B[2K[1B[2K[1B[2K[1B[2K[1B[2K[1B[2K[1B[2K[1B[2K[1B[2K[1B[2K[1B[2K[1B[2K[1B[2K[1B[2K[1B[2K[1B[2K[1B[2K[1B[2K[1B[2K8[36mhl7_validator_service-1  | [0m	at io.ktor.server.engine.ApplicationEngineEnvironmentReloading$instantiateAndConfigureApplication$1.invoke(ApplicationEngineEnvironmentReloading.kt:318)
[0G7[1B[2K[1B[2K[1B[2K[1B[2K[1B[2K[1B[2K[1B[2K[1B[2K[1B[2K[1B[2K[1B[2K[1B[2K[1B[2K[1B[2K[1B[2K[1B[2K[1B[2K[1B[2K[1B[2K[1B[2K[1B[2K[1B[2K[1B[2K[1B[2K[1B[2K[1B[2K8[2K
[0G[2K
[0G[2A[0G7[26;0H[2K[1;38;2;0;0;0;48;2;255;255;255mw[0m[2m Enable Watch[0m[0G8[0G7[1B[2K[1B[2K[1B[2K[1B[2K[1B[2K[1B[2K[1B[2K[1B[2K[1B[2K[1B[2K[1B[2K[1B[2K[1B[2K[1B[2K[1B[2K[1B[2K[1B[2K[1B[2K[1B[2K[1B[2K[1B[2K[1B[2K[1B[2K[1B[2K[1B[2K[1B[2K8[36mhl7_validator_service-1  | [0m	at io.ktor.server.engine.ApplicationEngineEnvironmentReloading$instantiateAndConfigureApplication$1.invoke(ApplicationEngineEnvironmentReloading.kt:307)
[0G7[1B[2K[1B[2K[1B[2K[1B[2K[1B[2K[1B[2K[1B[2K[1B[2K[1B[2K[1B[2K[1B[2K[1B[2K[1B[2K[1B[2K[1B[2K[1B[2K[1B[2K[1B[2K[1B[2K[1B[2K[1B[2K[1B[2K[1B[2K[1B[2K[1B[2K[1B[2K8[2K
[0G[2K
[0G[2A[0G7[26;0H[2K[1;38;2;0;0;0;48;2;255;255;255mw[0m[2m Enable Watch[0m[0G8[0G7[1B[2K[1B[2K[1B[2K[1B[2K[1B[2K[1B[2K[1B[2K[1B[2K[1B[2K[1B[2K[1B[2K[1B[2K[1B[2K[1B[2K[1B[2K[1B[2K[1B[2K[1B[2K[1B[2K[1B[2K[1B[2K[1B[2K[1B[2K[1B[2K[1B[2K[1B[2K8[36mhl7_validator_service-1  | [0m	at io.ktor.server.engine.ApplicationEngineEnvironmentReloading.avoidingDoubleStartup(ApplicationEngineEnvironmentReloading.kt:335)
[0G7[1B[2K[1B[2K[1B[2K[1B[2K[1B[2K[1B[2K[1B[2K[1B[2K[1B[2K[1B[2K[1B[2K[1B[2K[1B[2K[1B[2K[1B[2K[1B[2K[1B[2K[1B[2K[1B[2K[1B[2K[1B[2K[1B[2K[1B[2K[1B[2K[1B[2K[1B[2K8[2K
[0G[2K
[0G[2A[0G7[26;0H[2K[1;38;2;0;0;0;48;2;255;255;255mw[0m[2m Enable Watch[0m[0G8[0G7[1B[2K[1B[2K[1B[2K[1B[2K[1B[2K[1B[2K[1B[2K[1B[2K[1B[2K[1B[2K[1B[2K[1B[2K[1B[2K[1B[2K[1B[2K[1B[2K[1B[2K[1B[2K[1B[2K[1B[2K[1B[2K[1B[2K[1B[2K[1B[2K[1B[2K[1B[2K8[36mhl7_validator_service-1  | [0m	at io.ktor.server.engine.ApplicationEngineEnvironmentReloading.instantiateAndConfigureApplication(ApplicationEngineEnvironmentReloading.kt:307)
[0G7[1B[2K[1B[2K[1B[2K[1B[2K[1B[2K[1B[2K[1B[2K[1B[2K[1B[2K[1B[2K[1B[2K[1B[2K[1B[2K[1B[2K[1B[2K[1B[2K[1B[2K[1B[2K[1B[2K[1B[2K[1B[2K[1B[2K[1B[2K[1B[2K[1B[2K[1B[2K8[2K
[0G[2K
[0G[2A[0G7[26;0H[2K[1;38;2;0;0;0;48;2;255;255;255mw[0m[2m Enable Watch[0m[0G8[0G7[1B[2K[1B[2K[1B[2K[1B[2K[1B[2K[1B[2K[1B[2K[1B[2K[1B[2K[1B[2K[1B[2K[1B[2K[1B[2K[1B[2K[1B[2K[1B[2K[1B[2K[1B[2K[1B[2K[1B[2K[1B[2K[1B[2K[1B[2K[1B[2K[1B[2K[1B[2K8[36mhl7_validator_service-1  | [0m	at io.ktor.server.engine.ApplicationEngineEnvironmentReloading.createApplication(ApplicationEngineEnvironmentReloading.kt:144)
[0G7[1B[2K[1B[2K[1B[2K[1B[2K[1B[2K[1B[2K[1B[2K[1B[2K[1B[2K[1B[2K[1B[2K[1B[2K[1B[2K[1B[2K[1B[2K[1B[2K[1B[2K[1B[2K[1B[2K[1B[2K[1B[2K[1B[2K[1B[2K[1B[2K[1B[2K[1B[2K8[2K
[0G[2K
[0G[2A[0G7[26;0H[2K[1;38;2;0;0;0;48;2;255;255;255mw[0m[2m Enable Watch[0m[0G8[0G7[1B[2K[1B[2K[1B[2K[1B[2K[1B[2K[1B[2K[1B[2K[1B[2K[1B[2K[1B[2K[1B[2K[1B[2K[1B[2K[1B[2K[1B[2K[1B[2K[1B[2K[1B[2K[1B[2K[1B[2K[1B[2K[1B[2K[1B[2K[1B[2K[1B[2K[1B[2K8[36mhl7_validator_service-1  | [0m	at io.ktor.server.engine.ApplicationEngineEnvironmentReloading.start(ApplicationEngineEnvironmentReloading.kt:274)
[0G7[1B[2K[1B[2K[1B[2K[1B[2K[1B[2K[1B[2K[1B[2K[1B[2K[1B[2K[1B[2K[1B[2K[1B[2K[1B[2K[1B[2K[1B[2K[1B[2K[1B[2K[1B[2K[1B[2K[1B[2K[1B[2K[1B[2K[1B[2K[1B[2K[1B[2K[1B[2K8[2K
[0G[2K
[0G[2A[0G7[26;0H[2K[1;38;2;0;0;0;48;2;255;255;255mw[0m[2m Enable Watch[0m[0G8[0G7[1B[2K[1B[2K[1B[2K[1B[2K[1B[2K[1B[2K[1B[2K[1B[2K[1B[2K[1B[2K[1B[2K[1B[2K[1B[2K[1B[2K[1B[2K[1B[2K[1B[2K[1B[2K[1B[2K[1B[2K[1B[2K[1B[2K[1B[2K[1B[2K[1B[2K[1B[2K8[36mhl7_validator_service-1  | [0m	at io.ktor.server.jetty.JettyApplicationEngineBase.start(JettyApplicationEngineBase.kt:48)
[0G7[1B[2K[1B[2K[1B[2K[1B[2K[1B[2K[1B[2K[1B[2K[1B[2K[1B[2K[1B[2K[1B[2K[1B[2K[1B[2K[1B[2K[1B[2K[1B[2K[1B[2K[1B[2K[1B[2K[1B[2K[1B[2K[1B[2K[1B[2K[1B[2K[1B[2K[1B[2K8[2K
[0G[2K
[0G[2A[0G7[26;0H[2K[1;38;2;0;0;0;48;2;255;255;255mw[0m[2m Enable Watch[0m[0G8[0G7[1B[2K[1B[2K[1B[2K[1B[2K[1B[2K[1B[2K[1B[2K[1B[2K[1B[2K[1B[2K[1B[2K[1B[2K[1B[2K[1B[2K[1B[2K[1B[2K[1B[2K[1B[2K[1B[2K[1B[2K[1B[2K[1B[2K[1B[2K[1B[2K[1B[2K[1B[2K8[36mhl7_validator_service-1  | [0m	at io.ktor.server.jetty.JettyApplicationEngine.start(JettyApplicationEngine.kt:24)
[0G7[1B[2K[1B[2K[1B[2K[1B[2K[1B[2K[1B[2K[1B[2K[1B[2K[1B[2K[1B[2K[1B[2K[1B[2K[1B[2K[1B[2K[1B[2K[1B[2K[1B[2K[1B[2K[1B[2K[1B[2K[1B[2K[1B[2K[1B[2K[1B[2K[1B[2K[1B[2K8[2K
[0G[2K
[0G[2A[0G7[26;0H[2K[1;38;2;0;0;0;48;2;255;255;255mw[0m[2m Enable Watch[0m[0G8[0G7[1B[2K[1B[2K[1B[2K[1B[2K[1B[2K[1B[2K[1B[2K[1B[2K[1B[2K[1B[2K[1B[2K[1B[2K[1B[2K[1B[2K[1B[2K[1B[2K[1B[2K[1B[2K[1B[2K[1B[2K[1B[2K[1B[2K[1B[2K[1B[2K[1B[2K[1B[2K8[36mhl7_validator_service-1  | [0m	at ServerKt.startServer(Server.kt:68)
[0G7[1B[2K[1B[2K[1B[2K[1B[2K[1B[2K[1B[2K[1B[2K[1B[2K[1B[2K[1B[2K[1B[2K[1B[2K[1B[2K[1B[2K[1B[2K[1B[2K[1B[2K[1B[2K[1B[2K[1B[2K[1B[2K[1B[2K[1B[2K[1B[2K[1B[2K[1B[2K8[2K
[0G[2K
[0G[2A[0G7[26;0H[2K[1;38;2;0;0;0;48;2;255;255;255mw[0m[2m Enable Watch[0m[0G8[0G7[1B[2K[1B[2K[1B[2K[1B[2K[1B[2K[1B[2K[1B[2K[1B[2K[1B[2K[1B[2K[1B[2K[1B[2K[1B[2K[1B[2K[1B[2K[1B[2K[1B[2K[1B[2K[1B[2K[1B[2K[1B[2K[1B[2K[1B[2K[1B[2K[1B[2K[1B[2K8[36mhl7_validator_service-1  | [0m	at ServerKt.main(Server.kt:41)
[0G7[1B[2K[1B[2K[1B[2K[1B[2K[1B[2K[1B[2K[1B[2K[1B[2K[1B[2K[1B[2K[1B[2K[1B[2K[1B[2K[1B[2K[1B[2K[1B[2K[1B[2K[1B[2K[1B[2K[1B[2K[1B[2K[1B[2K[1B[2K[1B[2K[1B[2K[1B[2K8[2K
[0G[2K
[0G[2A[0G7[26;0H[2K[1;38;2;0;0;0;48;2;255;255;255mw[0m[2m Enable Watch[0m[0G8[0G7[1B[2K[1B[2K[1B[2K[1B[2K[1B[2K[1B[2K[1B[2K[1B[2K[1B[2K[1B[2K[1B[2K[1B[2K[1B[2K[1B[2K[1B[2K[1B[2K[1B[2K[1B[2K[1B[2K[1B[2K[1B[2K[1B[2K[1B[2K[1B[2K[1B[2K[1B[2K8[36mhl7_validator_service-1  | [0m2025-09-01 00:48:52.853 [main] INFO  ktor.application - Application started in 0.143 seconds.
[0G7[1B[2K[1B[2K[1B[2K[1B[2K[1B[2K[1B[2K[1B[2K[1B[2K[1B[2K[1B[2K[1B[2K[1B[2K[1B[2K[1B[2K[1B[2K[1B[2K[1B[2K[1B[2K[1B[2K[1B[2K[1B[2K[1B[2K[1B[2K[1B[2K[1B[2K[1B[2K8[2K
[0G[2K
[0G[2A[0G7[26;0H[2K[1;38;2;0;0;0;48;2;255;255;255mw[0m[2m Enable Watch[0m[0G8[0G7[1B[2K[1B[2K[1B[2K[1B[2K[1B[2K[1B[2K[1B[2K[1B[2K[1B[2K[1B[2K[1B[2K[1B[2K[1B[2K[1B[2K[1B[2K[1B[2K[1B[2K[1B[2K[1B[2K[1B[2K[1B[2K[1B[2K[1B[2K[1B[2K[1B[2K[1B[2K8[36mhl7_validator_service-1  | [0m2025-09-01 00:48:52.853 [main] INFO  ktor.application - Application starting: io.ktor.server.application.Application@58fe0499
[0G7[1B[2K[1B[2K[1B[2K[1B[2K[1B[2K[1B[2K[1B[2K[1B[2K[1B[2K[1B[2K[1B[2K[1B[2K[1B[2K[1B[2K[1B[2K[1B[2K[1B[2K[1B[2K[1B[2K[1B[2K[1B[2K[1B[2K[1B[2K[1B[2K[1B[2K[1B[2K8[2K
[0G[2K
[0G[2A[0G7[26;0H[2K[1;38;2;0;0;0;48;2;255;255;255mw[0m[2m Enable Watch[0m[0G8[0G7[1B[2K[1B[2K[1B[2K[1B[2K[1B[2K[1B[2K[1B[2K[1B[2K[1B[2K[1B[2K[1B[2K[1B[2K[1B[2K[1B[2K[1B[2K[1B[2K[1B[2K[1B[2K[1B[2K[1B[2K[1B[2K[1B[2K[1B[2K[1B[2K[1B[2K[1B[2K8[36mhl7_validator_service-1  | [0m2025-09-01 00:48:52.854 [main] INFO  ktor.application - Application started: io.ktor.server.application.Application@58fe0499
[0G7[1B[2K[1B[2K[1B[2K[1B[2K[1B[2K[1B[2K[1B[2K[1B[2K[1B[2K[1B[2K[1B[2K[1B[2K[1B[2K[1B[2K[1B[2K[1B[2K[1B[2K[1B[2K[1B[2K[1B[2K[1B[2K[1B[2K[1B[2K[1B[2K[1B[2K[1B[2K8[2K
[0G[2K
[0G[2A[0G7[26;0H[2K[1;38;2;0;0;0;48;2;255;255;255mw[0m[2m Enable Watch[0m[0G8[0G7[1B[2K[1B[2K[1B[2K[1B[2K[1B[2K[1B[2K[1B[2K[1B[2K[1B[2K[1B[2K[1B[2K[1B[2K[1B[2K[1B[2K[1B[2K[1B[2K[1B[2K[1B[2K[1B[2K[1B[2K[1B[2K[1B[2K[1B[2K[1B[2K[1B[2K[1B[2K8[36mhl7_validator_service-1  | [0m2025-09-01 00:48:52.854 [main] INFO  ktor.application - Application started: io.ktor.server.application.Application@58fe0499
[0G7[1B[2K[1B[2K[1B[2K[1B[2K[1B[2K[1B[2K[1B[2K[1B[2K[1B[2K[1B[2K[1B[2K[1B[2K[1B[2K[1B[2K[1B[2K[1B[2K[1B[2K[1B[2K[1B[2K[1B[2K[1B[2K[1B[2K[1B[2K[1B[2K[1B[2K[1B[2K8[2K
[0G[2K
[0G[2A[0G7[26;0H[2K[1;38;2;0;0;0;48;2;255;255;255mw[0m[2m Enable Watch[0m[0G8[0G7[1B[2K[1B[2K[1B[2K[1B[2K[1B[2K[1B[2K[1B[2K[1B[2K[1B[2K[1B[2K[1B[2K[1B[2K[1B[2K[1B[2K[1B[2K[1B[2K[1B[2K[1B[2K[1B[2K[1B[2K[1B[2K[1B[2K[1B[2K[1B[2K[1B[2K[1B[2K8[36mhl7_validator_service-1  | [0m2025-09-01 00:48:52.855 [main] INFO  org.eclipse.jetty.server.Server - jetty-9.4.45.v20220203; built: 2022-02-03T09:14:34.105Z; git: 4a0c91c0be53805e3fcffdcdcc9587d5301863db; jvm 11.0.27+6
[0G7[1B[2K[1B[2K[1B[2K[1B[2K[1B[2K[1B[2K[1B[2K[1B[2K[1B[2K[1B[2K[1B[2K[1B[2K[1B[2K[1B[2K[1B[2K[1B[2K[1B[2K[1B[2K[1B[2K[1B[2K[1B[2K[1B[2K[1B[2K[1B[2K[1B[2K[1B[2K8[2K
[0G[2K
[0G[2A[0G7[26;0H[2K[1;38;2;0;0;0;48;2;255;255;255mw[0m[2m Enable Watch[0m[0G8[0G7[1B[2K[1B[2K[1B[2K[1B[2K[1B[2K[1B[2K[1B[2K[1B[2K[1B[2K[1B[2K[1B[2K[1B[2K[1B[2K[1B[2K[1B[2K[1B[2K[1B[2K[1B[2K[1B[2K[1B[2K[1B[2K[1B[2K[1B[2K[1B[2K[1B[2K[1B[2K8[36mhl7_validator_service-1  | [0m2025-09-01 00:48:52.875 [main] INFO  o.e.jetty.server.AbstractConnector - Started ServerConnector@338fc1d8{HTTP/1.1, (http/1.1, h2c)}{0.0.0.0:3500}
[0G7[1B[2K[1B[2K[1B[2K[1B[2K[1B[2K[1B[2K[1B[2K[1B[2K[1B[2K[1B[2K[1B[2K[1B[2K[1B[2K[1B[2K[1B[2K[1B[2K[1B[2K[1B[2K[1B[2K[1B[2K[1B[2K[1B[2K[1B[2K[1B[2K[1B[2K[1B[2K8[2K
[0G[2K
[0G[2A[0G7[26;0H[2K[1;38;2;0;0;0;48;2;255;255;255mw[0m[2m Enable Watch[0m[0G8[0G7[1B[2K[1B[2K[1B[2K[1B[2K[1B[2K[1B[2K[1B[2K[1B[2K[1B[2K[1B[2K[1B[2K[1B[2K[1B[2K[1B[2K[1B[2K[1B[2K[1B[2K[1B[2K[1B[2K[1B[2K[1B[2K[1B[2K[1B[2K[1B[2K[1B[2K[1B[2K8[36mhl7_validator_service-1  | [0m2025-09-01 00:48:52.875 [main] INFO  org.eclipse.jetty.server.Server - Started @495ms
[0G7[1B[2K[1B[2K[1B[2K[1B[2K[1B[2K[1B[2K[1B[2K[1B[2K[1B[2K[1B[2K[1B[2K[1B[2K[1B[2K[1B[2K[1B[2K[1B[2K[1B[2K[1B[2K[1B[2K[1B[2K[1B[2K[1B[2K[1B[2K[1B[2K[1B[2K[1B[2K8[2K
[0G[2K
[0G[2A[0G7[26;0H[2K[1;38;2;0;0;0;48;2;255;255;255mw[0m[2m Enable Watch[0m[0G8[0G7[1B[2K[1B[2K[1B[2K[1B[2K[1B[2K[1B[2K[1B[2K[1B[2K[1B[2K[1B[2K[1B[2K[1B[2K[1B[2K[1B[2K[1B[2K[1B[2K[1B[2K[1B[2K[1B[2K[1B[2K[1B[2K[1B[2K[1B[2K[1B[2K[1B[2K[1B[2K8[36mhl7_validator_service-1  | [0m2025-09-01 00:48:52.877 [DefaultDispatcher-worker-1] INFO  ktor.application - Responding at http://0.0.0.0:3500
[0G7[1B[2K[1B[2K[1B[2K[1B[2K[1B[2K[1B[2K[1B[2K[1B[2K[1B[2K[1B[2K[1B[2K[1B[2K[1B[2K[1B[2K[1B[2K[1B[2K[1B[2K[1B[2K[1B[2K[1B[2K[1B[2K[1B[2K[1B[2K[1B[2K[1B[2K[1B[2K8[2K
[0G[2K
[0G[2A[0G7[26;0H[2K[1;38;2;0;0;0;48;2;255;255;255mw[0m[2m Enable Watch[0m[0G8[0G7[1B[2K[1B[2K[1B[2K[1B[2K[1B[2K[1B[2K[1B[2K[1B[2K[1B[2K[1B[2K[1B[2K[1B[2K[1B[2K[1B[2K[1B[2K[1B[2K[1B[2K[1B[2K[1B[2K[1B[2K[1B[2K[1B[2K[1B[2K[1B[2K[1B[2K[1B[2K8[33minferno-1                | [0mPuma starting in single mode...
[0G7[1B[2K[1B[2K[1B[2K[1B[2K[1B[2K[1B[2K[1B[2K[1B[2K[1B[2K[1B[2K[1B[2K[1B[2K[1B[2K[1B[2K[1B[2K[1B[2K[1B[2K[1B[2K[1B[2K[1B[2K[1B[2K[1B[2K[1B[2K[1B[2K[1B[2K[1B[2K8[2K
[0G[2K
[0G[2A[0G7[26;0H[2K[1;38;2;0;0;0;48;2;255;255;255mw[0m[2m Enable Watch[0m[0G8[0G7[1B[2K[1B[2K[1B[2K[1B[2K[1B[2K[1B[2K[1B[2K[1B[2K[1B[2K[1B[2K[1B[2K[1B[2K[1B[2K[1B[2K[1B[2K[1B[2K[1B[2K[1B[2K[1B[2K[1B[2K[1B[2K[1B[2K[1B[2K[1B[2K[1B[2K[1B[2K8[33minferno-1                | [0m* Puma version: 5.6.9 (ruby 3.3.6-p108) ("Birdie's Version")
[0G7[1B[2K[1B[2K[1B[2K[1B[2K[1B[2K[1B[2K[1B[2K[1B[2K[1B[2K[1B[2K[1B[2K[1B[2K[1B[2K[1B[2K[1B[2K[1B[2K[1B[2K[1B[2K[1B[2K[1B[2K[1B[2K[1B[2K[1B[2K[1B[2K[1B[2K[1B[2K8[2K
[0G[2K
[0G[2A[0G7[26;0H[2K[1;38;2;0;0;0;48;2;255;255;255mw[0m[2m Enable Watch[0m[0G8[0G7[1B[2K[1B[2K[1B[2K[1B[2K[1B[2K[1B[2K[1B[2K[1B[2K[1B[2K[1B[2K[1B[2K[1B[2K[1B[2K[1B[2K[1B[2K[1B[2K[1B[2K[1B[2K[1B[2K[1B[2K[1B[2K[1B[2K[1B[2K[1B[2K[1B[2K[1B[2K8[33minferno-1                | [0m*  Min threads: 0
[0G7[1B[2K[1B[2K[1B[2K[1B[2K[1B[2K[1B[2K[1B[2K[1B[2K[1B[2K[1B[2K[1B[2K[1B[2K[1B[2K[1B[2K[1B[2K[1B[2K[1B[2K[1B[2K[1B[2K[1B[2K[1B[2K[1B[2K[1B[2K[1B[2K[1B[2K[1B[2K8[2K
[0G[2K
[0G[2A[0G7[26;0H[2K[1;38;2;0;0;0;48;2;255;255;255mw[0m[2m Enable Watch[0m[0G8[0G7[1B[2K[1B[2K[1B[2K[1B[2K[1B[2K[1B[2K[1B[2K[1B[2K[1B[2K[1B[2K[1B[2K[1B[2K[1B[2K[1B[2K[1B[2K[1B[2K[1B[2K[1B[2K[1B[2K[1B[2K[1B[2K[1B[2K[1B[2K[1B[2K[1B[2K[1B[2K8[33minferno-1                | [0m*  Max threads: 5
[0G7[1B[2K[1B[2K[1B[2K[1B[2K[1B[2K[1B[2K[1B[2K[1B[2K[1B[2K[1B[2K[1B[2K[1B[2K[1B[2K[1B[2K[1B[2K[1B[2K[1B[2K[1B[2K[1B[2K[1B[2K[1B[2K[1B[2K[1B[2K[1B[2K[1B[2K[1B[2K8[2K
[0G[2K
[0G[2A[0G7[26;0H[2K[1;38;2;0;0;0;48;2;255;255;255mw[0m[2m Enable Watch[0m[0G8[0G7[1B[2K[1B[2K[1B[2K[1B[2K[1B[2K[1B[2K[1B[2K[1B[2K[1B[2K[1B[2K[1B[2K[1B[2K[1B[2K[1B[2K[1B[2K[1B[2K[1B[2K[1B[2K[1B[2K[1B[2K[1B[2K[1B[2K[1B[2K[1B[2K[1B[2K[1B[2K8[33minferno-1                | [0m*  Environment: production
[0G7[1B[2K[1B[2K[1B[2K[1B[2K[1B[2K[1B[2K[1B[2K[1B[2K[1B[2K[1B[2K[1B[2K[1B[2K[1B[2K[1B[2K[1B[2K[1B[2K[1B[2K[1B[2K[1B[2K[1B[2K[1B[2K[1B[2K[1B[2K[1B[2K[1B[2K[1B[2K8[2K
[0G[2K
[0G[2A[0G7[26;0H[2K[1;38;2;0;0;0;48;2;255;255;255mw[0m[2m Enable Watch[0m[0G8[0G7[1B[2K[1B[2K[1B[2K[1B[2K[1B[2K[1B[2K[1B[2K[1B[2K[1B[2K[1B[2K[1B[2K[1B[2K[1B[2K[1B[2K[1B[2K[1B[2K[1B[2K[1B[2K[1B[2K[1B[2K[1B[2K[1B[2K[1B[2K[1B[2K[1B[2K[1B[2K8[33minferno-1                | [0m*          PID: 1
[0G7[1B[2K[1B[2K[1B[2K[1B[2K[1B[2K[1B[2K[1B[2K[1B[2K[1B[2K[1B[2K[1B[2K[1B[2K[1B[2K[1B[2K[1B[2K[1B[2K[1B[2K[1B[2K[1B[2K[1B[2K[1B[2K[1B[2K[1B[2K[1B[2K[1B[2K[1B[2K8[2K
[0G[2K
[0G[2A[0G7[26;0H[2K[1;38;2;0;0;0;48;2;255;255;255mw[0m[2m Enable Watch[0m[0G8[0G7[1B[2K[1B[2K[1B[2K[1B[2K[1B[2K[1B[2K[1B[2K[1B[2K[1B[2K[1B[2K[1B[2K[1B[2K[1B[2K[1B[2K[1B[2K[1B[2K[1B[2K[1B[2K[1B[2K[1B[2K[1B[2K[1B[2K[1B[2K[1B[2K[1B[2K[1B[2K8[34mworker-1                 | [0mI, [2025-09-01T00:48:54.378063 #1]  INFO -- : (0.000197s) PRAGMA foreign_keys = 1
[0G7[1B[2K[1B[2K[1B[2K[1B[2K[1B[2K[1B[2K[1B[2K[1B[2K[1B[2K[1B[2K[1B[2K[1B[2K[1B[2K[1B[2K[1B[2K[1B[2K[1B[2K[1B[2K[1B[2K[1B[2K[1B[2K[1B[2K[1B[2K[1B[2K[1B[2K[1B[2K8[2K
[0G[2K
[0G[2A[0G7[26;0H[2K[1;38;2;0;0;0;48;2;255;255;255mw[0m[2m Enable Watch[0m[0G8[0G7[1B[2K[1B[2K[1B[2K[1B[2K[1B[2K[1B[2K[1B[2K[1B[2K[1B[2K[1B[2K[1B[2K[1B[2K[1B[2K[1B[2K[1B[2K[1B[2K[1B[2K[1B[2K[1B[2K[1B[2K[1B[2K[1B[2K[1B[2K[1B[2K[1B[2K[1B[2K8[34mworker-1                 | [0mI, [2025-09-01T00:48:54.378123 #1]  INFO -- : (0.000009s) PRAGMA case_sensitive_like = 1
[0G7[1B[2K[1B[2K[1B[2K[1B[2K[1B[2K[1B[2K[1B[2K[1B[2K[1B[2K[1B[2K[1B[2K[1B[2K[1B[2K[1B[2K[1B[2K[1B[2K[1B[2K[1B[2K[1B[2K[1B[2K[1B[2K[1B[2K[1B[2K[1B[2K[1B[2K[1B[2K8[2K
[0G[2K
[0G[2A[0G7[26;0H[2K[1;38;2;0;0;0;48;2;255;255;255mw[0m[2m Enable Watch[0m[0G8[0G7[1B[2K[1B[2K[1B[2K[1B[2K[1B[2K[1B[2K[1B[2K[1B[2K[1B[2K[1B[2K[1B[2K[1B[2K[1B[2K[1B[2K[1B[2K[1B[2K[1B[2K[1B[2K[1B[2K[1B[2K[1B[2K[1B[2K[1B[2K[1B[2K[1B[2K[1B[2K8[33minferno-1                | [0mI, [2025-09-01T00:48:54.576592 #1]  INFO -- : (0.000225s) PRAGMA foreign_keys = 1
[0G7[1B[2K[1B[2K[1B[2K[1B[2K[1B[2K[1B[2K[1B[2K[1B[2K[1B[2K[1B[2K[1B[2K[1B[2K[1B[2K[1B[2K[1B[2K[1B[2K[1B[2K[1B[2K[1B[2K[1B[2K[1B[2K[1B[2K[1B[2K[1B[2K[1B[2K[1B[2K8[2K
[0G[2K
[0G[2A[0G7[26;0H[2K[1;38;2;0;0;0;48;2;255;255;255mw[0m[2m Enable Watch[0m[0G8[0G7[1B[2K[1B[2K[1B[2K[1B[2K[1B[2K[1B[2K[1B[2K[1B[2K[1B[2K[1B[2K[1B[2K[1B[2K[1B[2K[1B[2K[1B[2K[1B[2K[1B[2K[1B[2K[1B[2K[1B[2K[1B[2K[1B[2K[1B[2K[1B[2K[1B[2K[1B[2K8[33minferno-1                | [0mI, [2025-09-01T00:48:54.576659 #1]  INFO -- : (0.000010s) PRAGMA case_sensitive_like = 1
[0G7[1B[2K[1B[2K[1B[2K[1B[2K[1B[2K[1B[2K[1B[2K[1B[2K[1B[2K[1B[2K[1B[2K[1B[2K[1B[2K[1B[2K[1B[2K[1B[2K[1B[2K[1B[2K[1B[2K[1B[2K[1B[2K[1B[2K[1B[2K[1B[2K[1B[2K[1B[2K8[2K
[0G[2K
[0G[2A[0G7[26;0H[2K[1;38;2;0;0;0;48;2;255;255;255mw[0m[2m Enable Watch[0m[0G8[0G7[1B[2K[1B[2K[1B[2K[1B[2K[1B[2K[1B[2K[1B[2K[1B[2K[1B[2K[1B[2K[1B[2K[1B[2K[1B[2K[1B[2K[1B[2K[1B[2K[1B[2K[1B[2K[1B[2K[1B[2K[1B[2K[1B[2K[1B[2K[1B[2K[1B[2K[1B[2K8[34mworker-1                 | [0m2025-09-01T00:48:56.762Z pid=1 tid=3m1 INFO: Running in ruby 3.3.6 (2024-11-05 revision 75015d4c1f) [x86_64-linux]
[0G7[1B[2K[1B[2K[1B[2K[1B[2K[1B[2K[1B[2K[1B[2K[1B[2K[1B[2K[1B[2K[1B[2K[1B[2K[1B[2K[1B[2K[1B[2K[1B[2K[1B[2K[1B[2K[1B[2K[1B[2K[1B[2K[1B[2K[1B[2K[1B[2K[1B[2K[1B[2K8[2K
[0G[2K
[0G[2A[0G7[26;0H[2K[1;38;2;0;0;0;48;2;255;255;255mw[0m[2m Enable Watch[0m[0G8[0G7[1B[2K[1B[2K[1B[2K[1B[2K[1B[2K[1B[2K[1B[2K[1B[2K[1B[2K[1B[2K[1B[2K[1B[2K[1B[2K[1B[2K[1B[2K[1B[2K[1B[2K[1B[2K[1B[2K[1B[2K[1B[2K[1B[2K[1B[2K[1B[2K[1B[2K[1B[2K8[34mworker-1                 | [0m2025-09-01T00:48:56.762Z pid=1 tid=3m1 INFO: See LICENSE and the LGPL-3.0 for licensing details.
[0G7[1B[2K[1B[2K[1B[2K[1B[2K[1B[2K[1B[2K[1B[2K[1B[2K[1B[2K[1B[2K[1B[2K[1B[2K[1B[2K[1B[2K[1B[2K[1B[2K[1B[2K[1B[2K[1B[2K[1B[2K[1B[2K[1B[2K[1B[2K[1B[2K[1B[2K[1B[2K8[2K
[0G[2K
[0G[2A[0G7[26;0H[2K[1;38;2;0;0;0;48;2;255;255;255mw[0m[2m Enable Watch[0m[0G8[0G7[1B[2K[1B[2K[1B[2K[1B[2K[1B[2K[1B[2K[1B[2K[1B[2K[1B[2K[1B[2K[1B[2K[1B[2K[1B[2K[1B[2K[1B[2K[1B[2K[1B[2K[1B[2K[1B[2K[1B[2K[1B[2K[1B[2K[1B[2K[1B[2K[1B[2K[1B[2K8[34mworker-1                 | [0m2025-09-01T00:48:56.762Z pid=1 tid=3m1 INFO: Upgrade to Sidekiq Pro for more features and support: https://sidekiq.org
[0G7[1B[2K[1B[2K[1B[2K[1B[2K[1B[2K[1B[2K[1B[2K[1B[2K[1B[2K[1B[2K[1B[2K[1B[2K[1B[2K[1B[2K[1B[2K[1B[2K[1B[2K[1B[2K[1B[2K[1B[2K[1B[2K[1B[2K[1B[2K[1B[2K[1B[2K[1B[2K8[2K
[0G[2K
[0G[2A[0G7[26;0H[2K[1;38;2;0;0;0;48;2;255;255;255mw[0m[2m Enable Watch[0m[0G8[0G7[1B[2K[1B[2K[1B[2K[1B[2K[1B[2K[1B[2K[1B[2K[1B[2K[1B[2K[1B[2K[1B[2K[1B[2K[1B[2K[1B[2K[1B[2K[1B[2K[1B[2K[1B[2K[1B[2K[1B[2K[1B[2K[1B[2K[1B[2K[1B[2K[1B[2K[1B[2K8[34mworker-1                 | [0m2025-09-01T00:48:56.762Z pid=1 tid=3m1 INFO: Sidekiq 7.2.4 connecting to Redis with options {:size=>10, :pool_name=>"internal", :url=>"redis://redis:6379/0"}
[0G7[1B[2K[1B[2K[1B[2K[1B[2K[1B[2K[1B[2K[1B[2K[1B[2K[1B[2K[1B[2K[1B[2K[1B[2K[1B[2K[1B[2K[1B[2K[1B[2K[1B[2K[1B[2K[1B[2K[1B[2K[1B[2K[1B[2K[1B[2K[1B[2K[1B[2K[1B[2K8[2K
[0G[2K
[0G[2A[0G7[26;0H[2K[1;38;2;0;0;0;48;2;255;255;255mw[0m[2m Enable Watch[0m[0G8[0G7[1B[2K[1B[2K[1B[2K[1B[2K[1B[2K[1B[2K[1B[2K[1B[2K[1B[2K[1B[2K[1B[2K[1B[2K[1B[2K[1B[2K[1B[2K[1B[2K[1B[2K[1B[2K[1B[2K[1B[2K[1B[2K[1B[2K[1B[2K[1B[2K[1B[2K[1B[2K8[33minferno-1                | [0mI, [2025-09-01T00:48:56.843702 #1]  INFO -- : Copying us_core_311.tgz to data/igs from us_core_test_kit
[0G7[1B[2K[1B[2K[1B[2K[1B[2K[1B[2K[1B[2K[1B[2K[1B[2K[1B[2K[1B[2K[1B[2K[1B[2K[1B[2K[1B[2K[1B[2K[1B[2K[1B[2K[1B[2K[1B[2K[1B[2K[1B[2K[1B[2K[1B[2K[1B[2K[1B[2K[1B[2K8[2K
[0G[2K
[0G[2A[0G7[26;0H[2K[1;38;2;0;0;0;48;2;255;255;255mw[0m[2m Enable Watch[0m[0G8[0G7[1B[2K[1B[2K[1B[2K[1B[2K[1B[2K[1B[2K[1B[2K[1B[2K[1B[2K[1B[2K[1B[2K[1B[2K[1B[2K[1B[2K[1B[2K[1B[2K[1B[2K[1B[2K[1B[2K[1B[2K[1B[2K[1B[2K[1B[2K[1B[2K[1B[2K[1B[2K8[33minferno-1                | [0mI, [2025-09-01T00:48:56.844150 #1]  INFO -- : Copying us_core_400.tgz to data/igs from us_core_test_kit
[0G7[1B[2K[1B[2K[1B[2K[1B[2K[1B[2K[1B[2K[1B[2K[1B[2K[1B[2K[1B[2K[1B[2K[1B[2K[1B[2K[1B[2K[1B[2K[1B[2K[1B[2K[1B[2K[1B[2K[1B[2K[1B[2K[1B[2K[1B[2K[1B[2K[1B[2K[1B[2K8[2K
[0G[2K
[0G[2A[0G7[26;0H[2K[1;38;2;0;0;0;48;2;255;255;255mw[0m[2m Enable Watch[0m[0G8[0G7[1B[2K[1B[2K[1B[2K[1B[2K[1B[2K[1B[2K[1B[2K[1B[2K[1B[2K[1B[2K[1B[2K[1B[2K[1B[2K[1B[2K[1B[2K[1B[2K[1B[2K[1B[2K[1B[2K[1B[2K[1B[2K[1B[2K[1B[2K[1B[2K[1B[2K[1B[2K8[33minferno-1                | [0mI, [2025-09-01T00:48:56.844575 #1]  INFO -- : Copying us_core_501.tgz to data/igs from us_core_test_kit
[0G7[1B[2K[1B[2K[1B[2K[1B[2K[1B[2K[1B[2K[1B[2K[1B[2K[1B[2K[1B[2K[1B[2K[1B[2K[1B[2K[1B[2K[1B[2K[1B[2K[1B[2K[1B[2K[1B[2K[1B[2K[1B[2K[1B[2K[1B[2K[1B[2K[1B[2K[1B[2K8[2K
[0G[2K
[0G[2A[0G7[26;0H[2K[1;38;2;0;0;0;48;2;255;255;255mw[0m[2m Enable Watch[0m[0G8[0G7[1B[2K[1B[2K[1B[2K[1B[2K[1B[2K[1B[2K[1B[2K[1B[2K[1B[2K[1B[2K[1B[2K[1B[2K[1B[2K[1B[2K[1B[2K[1B[2K[1B[2K[1B[2K[1B[2K[1B[2K[1B[2K[1B[2K[1B[2K[1B[2K[1B[2K[1B[2K8[33minferno-1                | [0mI, [2025-09-01T00:48:56.845187 #1]  INFO -- : Copying us_core_610.tgz to data/igs from us_core_test_kit
[0G7[1B[2K[1B[2K[1B[2K[1B[2K[1B[2K[1B[2K[1B[2K[1B[2K[1B[2K[1B[2K[1B[2K[1B[2K[1B[2K[1B[2K[1B[2K[1B[2K[1B[2K[1B[2K[1B[2K[1B[2K[1B[2K[1B[2K[1B[2K[1B[2K[1B[2K[1B[2K8[2K
[0G[2K
[0G[2A[0G7[26;0H[2K[1;38;2;0;0;0;48;2;255;255;255mw[0m[2m Enable Watch[0m[0G8[0G7[1B[2K[1B[2K[1B[2K[1B[2K[1B[2K[1B[2K[1B[2K[1B[2K[1B[2K[1B[2K[1B[2K[1B[2K[1B[2K[1B[2K[1B[2K[1B[2K[1B[2K[1B[2K[1B[2K[1B[2K[1B[2K[1B[2K[1B[2K[1B[2K[1B[2K[1B[2K8[33minferno-1                | [0mI, [2025-09-01T00:48:56.845917 #1]  INFO -- : Copying us_core_700.tgz to data/igs from us_core_test_kit
[0G7[1B[2K[1B[2K[1B[2K[1B[2K[1B[2K[1B[2K[1B[2K[1B[2K[1B[2K[1B[2K[1B[2K[1B[2K[1B[2K[1B[2K[1B[2K[1B[2K[1B[2K[1B[2K[1B[2K[1B[2K[1B[2K[1B[2K[1B[2K[1B[2K[1B[2K[1B[2K8[2K
[0G[2K
[0G[2A[0G7[26;0H[2K[1;38;2;0;0;0;48;2;255;255;255mw[0m[2m Enable Watch[0m[0G8[0G7[1B[2K[1B[2K[1B[2K[1B[2K[1B[2K[1B[2K[1B[2K[1B[2K[1B[2K[1B[2K[1B[2K[1B[2K[1B[2K[1B[2K[1B[2K[1B[2K[1B[2K[1B[2K[1B[2K[1B[2K[1B[2K[1B[2K[1B[2K[1B[2K[1B[2K[1B[2K8[33minferno-1                | [0mI, [2025-09-01T00:48:56.846600 #1]  INFO -- : Copying us_core_800.tgz to data/igs from us_core_test_kit
[0G7[1B[2K[1B[2K[1B[2K[1B[2K[1B[2K[1B[2K[1B[2K[1B[2K[1B[2K[1B[2K[1B[2K[1B[2K[1B[2K[1B[2K[1B[2K[1B[2K[1B[2K[1B[2K[1B[2K[1B[2K[1B[2K[1B[2K[1B[2K[1B[2K[1B[2K[1B[2K8[2K
[0G[2K
[0G[2A[0G7[26;0H[2K[1;38;2;0;0;0;48;2;255;255;255mw[0m[2m Enable Watch[0m[0G8[0G7[1B[2K[1B[2K[1B[2K[1B[2K[1B[2K[1B[2K[1B[2K[1B[2K[1B[2K[1B[2K[1B[2K[1B[2K[1B[2K[1B[2K[1B[2K[1B[2K[1B[2K[1B[2K[1B[2K[1B[2K[1B[2K[1B[2K[1B[2K[1B[2K[1B[2K[1B[2K8[34mworker-1                 | [0mgetaddrinfo: No address associated with hostname (redis://redis:6379)
[0G7[1B[2K[1B[2K[1B[2K[1B[2K[1B[2K[1B[2K[1B[2K[1B[2K[1B[2K[1B[2K[1B[2K[1B[2K[1B[2K[1B[2K[1B[2K[1B[2K[1B[2K[1B[2K[1B[2K[1B[2K[1B[2K[1B[2K[1B[2K[1B[2K[1B[2K[1B[2K8[2K
[0G[2K
[0G[2A[0G7[26;0H[2K[1;38;2;0;0;0;48;2;255;255;255mw[0m[2m Enable Watch[0m[0G8[0G7[1B[2K[1B[2K[1B[2K[1B[2K[1B[2K[1B[2K[1B[2K[1B[2K[1B[2K[1B[2K[1B[2K[1B[2K[1B[2K[1B[2K[1B[2K[1B[2K[1B[2K[1B[2K[1B[2K[1B[2K[1B[2K[1B[2K[1B[2K[1B[2K[1B[2K[1B[2K8[34mworker-1                 | [0m/usr/local/lib/ruby/3.3.0/socket.rb:231:in `getaddrinfo'
[0G7[1B[2K[1B[2K[1B[2K[1B[2K[1B[2K[1B[2K[1B[2K[1B[2K[1B[2K[1B[2K[1B[2K[1B[2K[1B[2K[1B[2K[1B[2K[1B[2K[1B[2K[1B[2K[1B[2K[1B[2K[1B[2K[1B[2K[1B[2K[1B[2K[1B[2K[1B[2K8[2K
[0G[2K
[0G[2A[0G7[26;0H[2K[1;38;2;0;0;0;48;2;255;255;255mw[0m[2m Enable Watch[0m[0G8[0G7[1B[2K[1B[2K[1B[2K[1B[2K[1B[2K[1B[2K[1B[2K[1B[2K[1B[2K[1B[2K[1B[2K[1B[2K[1B[2K[1B[2K[1B[2K[1B[2K[1B[2K[1B[2K[1B[2K[1B[2K[1B[2K[1B[2K[1B[2K[1B[2K[1B[2K[1B[2K8[34mworker-1                 | [0m/usr/local/lib/ruby/3.3.0/socket.rb:231:in `foreach'
[0G7[1B[2K[1B[2K[1B[2K[1B[2K[1B[2K[1B[2K[1B[2K[1B[2K[1B[2K[1B[2K[1B[2K[1B[2K[1B[2K[1B[2K[1B[2K[1B[2K[1B[2K[1B[2K[1B[2K[1B[2K[1B[2K[1B[2K[1B[2K[1B[2K[1B[2K[1B[2K8[2K
[0G[2K
[0G[2A[0G7[26;0H[2K[1;38;2;0;0;0;48;2;255;255;255mw[0m[2m Enable Watch[0m[0G8[0G7[1B[2K[1B[2K[1B[2K[1B[2K[1B[2K[1B[2K[1B[2K[1B[2K[1B[2K[1B[2K[1B[2K[1B[2K[1B[2K[1B[2K[1B[2K[1B[2K[1B[2K[1B[2K[1B[2K[1B[2K[1B[2K[1B[2K[1B[2K[1B[2K[1B[2K[1B[2K8[34mworker-1                 | [0m/usr/local/lib/ruby/3.3.0/socket.rb:637:in `tcp'
[0G7[1B[2K[1B[2K[1B[2K[1B[2K[1B[2K[1B[2K[1B[2K[1B[2K[1B[2K[1B[2K[1B[2K[1B[2K[1B[2K[1B[2K[1B[2K[1B[2K[1B[2K[1B[2K[1B[2K[1B[2K[1B[2K[1B[2K[1B[2K[1B[2K[1B[2K[1B[2K8[2K
[0G[2K
[0G[2A[0G7[26;0H[2K[1;38;2;0;0;0;48;2;255;255;255mw[0m[2m Enable Watch[0m[0G8[0G7[1B[2K[1B[2K[1B[2K[1B[2K[1B[2K[1B[2K[1B[2K[1B[2K[1B[2K[1B[2K[1B[2K[1B[2K[1B[2K[1B[2K[1B[2K[1B[2K[1B[2K[1B[2K[1B[2K[1B[2K[1B[2K[1B[2K[1B[2K[1B[2K[1B[2K[1B[2K8[34mworker-1                 | [0m/usr/local/bundle/gems/redis-client-0.25.1/lib/redis_client/ruby_connection.rb:120:in `connect'
[0G7[1B[2K[1B[2K[1B[2K[1B[2K[1B[2K[1B[2K[1B[2K[1B[2K[1B[2K[1B[2K[1B[2K[1B[2K[1B[2K[1B[2K[1B[2K[1B[2K[1B[2K[1B[2K[1B[2K[1B[2K[1B[2K[1B[2K[1B[2K[1B[2K[1B[2K[1B[2K8[2K
[0G[2K
[0G[2A[0G7[26;0H[2K[1;38;2;0;0;0;48;2;255;255;255mw[0m[2m Enable Watch[0m[0G8[0G7[1B[2K[1B[2K[1B[2K[1B[2K[1B[2K[1B[2K[1B[2K[1B[2K[1B[2K[1B[2K[1B[2K[1B[2K[1B[2K[1B[2K[1B[2K[1B[2K[1B[2K[1B[2K[1B[2K[1B[2K[1B[2K[1B[2K[1B[2K[1B[2K[1B[2K[1B[2K8[34mworker-1                 | [0m/usr/local/bundle/gems/redis-client-0.25.1/lib/redis_client/ruby_connection.rb:51:in `initialize'
[0G7[1B[2K[1B[2K[1B[2K[1B[2K[1B[2K[1B[2K[1B[2K[1B[2K[1B[2K[1B[2K[1B[2K[1B[2K[1B[2K[1B[2K[1B[2K[1B[2K[1B[2K[1B[2K[1B[2K[1B[2K[1B[2K[1B[2K[1B[2K[1B[2K[1B[2K[1B[2K8[2K
[0G[2K
[0G[2A[0G7[26;0H[2K[1;38;2;0;0;0;48;2;255;255;255mw[0m[2m Enable Watch[0m[0G8[0G7[1B[2K[1B[2K[1B[2K[1B[2K[1B[2K[1B[2K[1B[2K[1B[2K[1B[2K[1B[2K[1B[2K[1B[2K[1B[2K[1B[2K[1B[2K[1B[2K[1B[2K[1B[2K[1B[2K[1B[2K[1B[2K[1B[2K[1B[2K[1B[2K[1B[2K[1B[2K8[34mworker-1                 | [0m/usr/local/bundle/gems/redis-client-0.25.1/lib/redis_client.rb:773:in `new'
[0G7[1B[2K[1B[2K[1B[2K[1B[2K[1B[2K[1B[2K[1B[2K[1B[2K[1B[2K[1B[2K[1B[2K[1B[2K[1B[2K[1B[2K[1B[2K[1B[2K[1B[2K[1B[2K[1B[2K[1B[2K[1B[2K[1B[2K[1B[2K[1B[2K[1B[2K[1B[2K8[2K
[0G[2K
[0G[2A[0G7[26;0H[2K[1;38;2;0;0;0;48;2;255;255;255mw[0m[2m Enable Watch[0m[0G8[0G7[1B[2K[1B[2K[1B[2K[1B[2K[1B[2K[1B[2K[1B[2K[1B[2K[1B[2K[1B[2K[1B[2K[1B[2K[1B[2K[1B[2K[1B[2K[1B[2K[1B[2K[1B[2K[1B[2K[1B[2K[1B[2K[1B[2K[1B[2K[1B[2K[1B[2K[1B[2K8[34mworker-1                 | [0m/usr/local/bundle/gems/redis-client-0.25.1/lib/redis_client.rb:773:in `block in connect'
[0G7[1B[2K[1B[2K[1B[2K[1B[2K[1B[2K[1B[2K[1B[2K[1B[2K[1B[2K[1B[2K[1B[2K[1B[2K[1B[2K[1B[2K[1B[2K[1B[2K[1B[2K[1B[2K[1B[2K[1B[2K[1B[2K[1B[2K[1B[2K[1B[2K[1B[2K[1B[2K8[2K
[0G[2K
[0G[2A[0G7[26;0H[2K[1;38;2;0;0;0;48;2;255;255;255mw[0m[2m Enable Watch[0m[0G8[0G7[1B[2K[1B[2K[1B[2K[1B[2K[1B[2K[1B[2K[1B[2K[1B[2K[1B[2K[1B[2K[1B[2K[1B[2K[1B[2K[1B[2K[1B[2K[1B[2K[1B[2K[1B[2K[1B[2K[1B[2K[1B[2K[1B[2K[1B[2K[1B[2K[1B[2K[1B[2K8[34mworker-1                 | [0m/usr/local/bundle/gems/redis-client-0.25.1/lib/redis_client/middlewares.rb:12:in `connect'
[0G7[1B[2K[1B[2K[1B[2K[1B[2K[1B[2K[1B[2K[1B[2K[1B[2K[1B[2K[1B[2K[1B[2K[1B[2K[1B[2K[1B[2K[1B[2K[1B[2K[1B[2K[1B[2K[1B[2K[1B[2K[1B[2K[1B[2K[1B[2K[1B[2K[1B[2K[1B[2K8[2K
[0G[2K
[0G[2A[0G7[26;0H[2K[1;38;2;0;0;0;48;2;255;255;255mw[0m[2m Enable Watch[0m[0G8[0G7[1B[2K[1B[2K[1B[2K[1B[2K[1B[2K[1B[2K[1B[2K[1B[2K[1B[2K[1B[2K[1B[2K[1B[2K[1B[2K[1B[2K[1B[2K[1B[2K[1B[2K[1B[2K[1B[2K[1B[2K[1B[2K[1B[2K[1B[2K[1B[2K[1B[2K[1B[2K8[34mworker-1                 | [0m/usr/local/bundle/gems/redis-client-0.25.1/lib/redis_client.rb:772:in `connect'
[0G7[1B[2K[1B[2K[1B[2K[1B[2K[1B[2K[1B[2K[1B[2K[1B[2K[1B[2K[1B[2K[1B[2K[1B[2K[1B[2K[1B[2K[1B[2K[1B[2K[1B[2K[1B[2K[1B[2K[1B[2K[1B[2K[1B[2K[1B[2K[1B[2K[1B[2K[1B[2K8[2K
[0G[2K
[0G[2A[0G7[26;0H[2K[1;38;2;0;0;0;48;2;255;255;255mw[0m[2m Enable Watch[0m[0G8[0G7[1B[2K[1B[2K[1B[2K[1B[2K[1B[2K[1B[2K[1B[2K[1B[2K[1B[2K[1B[2K[1B[2K[1B[2K[1B[2K[1B[2K[1B[2K[1B[2K[1B[2K[1B[2K[1B[2K[1B[2K[1B[2K[1B[2K[1B[2K[1B[2K[1B[2K[1B[2K8[34mworker-1                 | [0m/usr/local/bundle/gems/redis-client-0.25.1/lib/redis_client.rb:759:in `raw_connection'
[0G7[1B[2K[1B[2K[1B[2K[1B[2K[1B[2K[1B[2K[1B[2K[1B[2K[1B[2K[1B[2K[1B[2K[1B[2K[1B[2K[1B[2K[1B[2K[1B[2K[1B[2K[1B[2K[1B[2K[1B[2K[1B[2K[1B[2K[1B[2K[1B[2K[1B[2K[1B[2K8[2K
[0G[2K
[0G[2A[0G7[26;0H[2K[1;38;2;0;0;0;48;2;255;255;255mw[0m[2m Enable Watch[0m[0G8[0G7[1B[2K[1B[2K[1B[2K[1B[2K[1B[2K[1B[2K[1B[2K[1B[2K[1B[2K[1B[2K[1B[2K[1B[2K[1B[2K[1B[2K[1B[2K[1B[2K[1B[2K[1B[2K[1B[2K[1B[2K[1B[2K[1B[2K[1B[2K[1B[2K[1B[2K[1B[2K8[34mworker-1                 | [0m/usr/local/bundle/gems/redis-client-0.25.1/lib/redis_client.rb:719:in `ensure_connected'
[0G7[1B[2K[1B[2K[1B[2K[1B[2K[1B[2K[1B[2K[1B[2K[1B[2K[1B[2K[1B[2K[1B[2K[1B[2K[1B[2K[1B[2K[1B[2K[1B[2K[1B[2K[1B[2K[1B[2K[1B[2K[1B[2K[1B[2K[1B[2K[1B[2K[1B[2K[1B[2K8[2K
[0G[2K
[0G[2A[0G7[26;0H[2K[1;38;2;0;0;0;48;2;255;255;255mw[0m[2m Enable Watch[0m[0G8[0G7[1B[2K[1B[2K[1B[2K[1B[2K[1B[2K[1B[2K[1B[2K[1B[2K[1B[2K[1B[2K[1B[2K[1B[2K[1B[2K[1B[2K[1B[2K[1B[2K[1B[2K[1B[2K[1B[2K[1B[2K[1B[2K[1B[2K[1B[2K[1B[2K[1B[2K[1B[2K8[34mworker-1                 | [0m/usr/local/bundle/gems/redis-client-0.25.1/lib/redis_client.rb:299:in `call'
[0G7[1B[2K[1B[2K[1B[2K[1B[2K[1B[2K[1B[2K[1B[2K[1B[2K[1B[2K[1B[2K[1B[2K[1B[2K[1B[2K[1B[2K[1B[2K[1B[2K[1B[2K[1B[2K[1B[2K[1B[2K[1B[2K[1B[2K[1B[2K[1B[2K[1B[2K[1B[2K8[2K
[0G[2K
[0G[2A[0G7[26;0H[2K[1;38;2;0;0;0;48;2;255;255;255mw[0m[2m Enable Watch[0m[0G8[0G7[1B[2K[1B[2K[1B[2K[1B[2K[1B[2K[1B[2K[1B[2K[1B[2K[1B[2K[1B[2K[1B[2K[1B[2K[1B[2K[1B[2K[1B[2K[1B[2K[1B[2K[1B[2K[1B[2K[1B[2K[1B[2K[1B[2K[1B[2K[1B[2K[1B[2K[1B[2K8[34mworker-1                 | [0m/usr/local/bundle/gems/redis-client-0.25.1/lib/redis_client/decorator.rb:26:in `call'
[0G7[1B[2K[1B[2K[1B[2K[1B[2K[1B[2K[1B[2K[1B[2K[1B[2K[1B[2K[1B[2K[1B[2K[1B[2K[1B[2K[1B[2K[1B[2K[1B[2K[1B[2K[1B[2K[1B[2K[1B[2K[1B[2K[1B[2K[1B[2K[1B[2K[1B[2K[1B[2K8[2K
[0G[2K
[0G[2A[0G7[26;0H[2K[1;38;2;0;0;0;48;2;255;255;255mw[0m[2m Enable Watch[0m[0G8[0G7[1B[2K[1B[2K[1B[2K[1B[2K[1B[2K[1B[2K[1B[2K[1B[2K[1B[2K[1B[2K[1B[2K[1B[2K[1B[2K[1B[2K[1B[2K[1B[2K[1B[2K[1B[2K[1B[2K[1B[2K[1B[2K[1B[2K[1B[2K[1B[2K[1B[2K[1B[2K8[34mworker-1                 | [0m/usr/local/bundle/gems/sidekiq-7.2.4/lib/sidekiq/config.rb:144:in `block in redis_info'
[0G7[1B[2K[1B[2K[1B[2K[1B[2K[1B[2K[1B[2K[1B[2K[1B[2K[1B[2K[1B[2K[1B[2K[1B[2K[1B[2K[1B[2K[1B[2K[1B[2K[1B[2K[1B[2K[1B[2K[1B[2K[1B[2K[1B[2K[1B[2K[1B[2K[1B[2K[1B[2K8[2K
[0G[2K
[0G[2A[0G7[26;0H[2K[1;38;2;0;0;0;48;2;255;255;255mw[0m[2m Enable Watch[0m[0G8[0G7[1B[2K[1B[2K[1B[2K[1B[2K[1B[2K[1B[2K[1B[2K[1B[2K[1B[2K[1B[2K[1B[2K[1B[2K[1B[2K[1B[2K[1B[2K[1B[2K[1B[2K[1B[2K[1B[2K[1B[2K[1B[2K[1B[2K[1B[2K[1B[2K[1B[2K[1B[2K8[34mworker-1                 | [0m/usr/local/bundle/gems/sidekiq-7.2.4/lib/sidekiq/config.rb:163:in `block in redis'
[0G7[1B[2K[1B[2K[1B[2K[1B[2K[1B[2K[1B[2K[1B[2K[1B[2K[1B[2K[1B[2K[1B[2K[1B[2K[1B[2K[1B[2K[1B[2K[1B[2K[1B[2K[1B[2K[1B[2K[1B[2K[1B[2K[1B[2K[1B[2K[1B[2K[1B[2K[1B[2K8[2K
[0G[2K
[0G[2A[0G7[26;0H[2K[1;38;2;0;0;0;48;2;255;255;255mw[0m[2m Enable Watch[0m[0G8[0G7[1B[2K[1B[2K[1B[2K[1B[2K[1B[2K[1B[2K[1B[2K[1B[2K[1B[2K[1B[2K[1B[2K[1B[2K[1B[2K[1B[2K[1B[2K[1B[2K[1B[2K[1B[2K[1B[2K[1B[2K[1B[2K[1B[2K[1B[2K[1B[2K[1B[2K[1B[2K8[34mworker-1                 | [0m/usr/local/bundle/gems/connection_pool-2.5.3/lib/connection_pool.rb:110:in `block (2 levels) in with'
[0G7[1B[2K[1B[2K[1B[2K[1B[2K[1B[2K[1B[2K[1B[2K[1B[2K[1B[2K[1B[2K[1B[2K[1B[2K[1B[2K[1B[2K[1B[2K[1B[2K[1B[2K[1B[2K[1B[2K[1B[2K[1B[2K[1B[2K[1B[2K[1B[2K[1B[2K[1B[2K8[2K
[0G[2K
[0G[2A[0G7[26;0H[2K[1;38;2;0;0;0;48;2;255;255;255mw[0m[2m Enable Watch[0m[0G8[0G7[1B[2K[1B[2K[1B[2K[1B[2K[1B[2K[1B[2K[1B[2K[1B[2K[1B[2K[1B[2K[1B[2K[1B[2K[1B[2K[1B[2K[1B[2K[1B[2K[1B[2K[1B[2K[1B[2K[1B[2K[1B[2K[1B[2K[1B[2K[1B[2K[1B[2K[1B[2K8[34mworker-1                 | [0m/usr/local/bundle/gems/connection_pool-2.5.3/lib/connection_pool.rb:109:in `handle_interrupt'
[0G7[1B[2K[1B[2K[1B[2K[1B[2K[1B[2K[1B[2K[1B[2K[1B[2K[1B[2K[1B[2K[1B[2K[1B[2K[1B[2K[1B[2K[1B[2K[1B[2K[1B[2K[1B[2K[1B[2K[1B[2K[1B[2K[1B[2K[1B[2K[1B[2K[1B[2K[1B[2K8[2K
[0G[2K
[0G[2A[0G7[26;0H[2K[1;38;2;0;0;0;48;2;255;255;255mw[0m[2m Enable Watch[0m[0G8[0G7[1B[2K[1B[2K[1B[2K[1B[2K[1B[2K[1B[2K[1B[2K[1B[2K[1B[2K[1B[2K[1B[2K[1B[2K[1B[2K[1B[2K[1B[2K[1B[2K[1B[2K[1B[2K[1B[2K[1B[2K[1B[2K[1B[2K[1B[2K[1B[2K[1B[2K[1B[2K8[34mworker-1                 | [0m/usr/local/bundle/gems/connection_pool-2.5.3/lib/connection_pool.rb:109:in `block in with'
[0G7[1B[2K[1B[2K[1B[2K[1B[2K[1B[2K[1B[2K[1B[2K[1B[2K[1B[2K[1B[2K[1B[2K[1B[2K[1B[2K[1B[2K[1B[2K[1B[2K[1B[2K[1B[2K[1B[2K[1B[2K[1B[2K[1B[2K[1B[2K[1B[2K[1B[2K[1B[2K8[2K
[0G[2K
[0G[2A[0G7[26;0H[2K[1;38;2;0;0;0;48;2;255;255;255mw[0m[2m Enable Watch[0m[0G8[0G7[1B[2K[1B[2K[1B[2K[1B[2K[1B[2K[1B[2K[1B[2K[1B[2K[1B[2K[1B[2K[1B[2K[1B[2K[1B[2K[1B[2K[1B[2K[1B[2K[1B[2K[1B[2K[1B[2K[1B[2K[1B[2K[1B[2K[1B[2K[1B[2K[1B[2K[1B[2K8[34mworker-1                 | [0m/usr/local/bundle/gems/connection_pool-2.5.3/lib/connection_pool.rb:106:in `handle_interrupt'
[0G7[1B[2K[1B[2K[1B[2K[1B[2K[1B[2K[1B[2K[1B[2K[1B[2K[1B[2K[1B[2K[1B[2K[1B[2K[1B[2K[1B[2K[1B[2K[1B[2K[1B[2K[1B[2K[1B[2K[1B[2K[1B[2K[1B[2K[1B[2K[1B[2K[1B[2K[1B[2K8[2K
[0G[2K
[0G[2A[0G7[26;0H[2K[1;38;2;0;0;0;48;2;255;255;255mw[0m[2m Enable Watch[0m[0G8[0G7[1B[2K[1B[2K[1B[2K[1B[2K[1B[2K[1B[2K[1B[2K[1B[2K[1B[2K[1B[2K[1B[2K[1B[2K[1B[2K[1B[2K[1B[2K[1B[2K[1B[2K[1B[2K[1B[2K[1B[2K[1B[2K[1B[2K[1B[2K[1B[2K[1B[2K[1B[2K8[34mworker-1                 | [0m/usr/local/bundle/gems/connection_pool-2.5.3/lib/connection_pool.rb:106:in `with'
[0G7[1B[2K[1B[2K[1B[2K[1B[2K[1B[2K[1B[2K[1B[2K[1B[2K[1B[2K[1B[2K[1B[2K[1B[2K[1B[2K[1B[2K[1B[2K[1B[2K[1B[2K[1B[2K[1B[2K[1B[2K[1B[2K[1B[2K[1B[2K[1B[2K[1B[2K[1B[2K8[2K
[0G[2K
[0G[2A[0G7[26;0H[2K[1;38;2;0;0;0;48;2;255;255;255mw[0m[2m Enable Watch[0m[0G8[0G7[1B[2K[1B[2K[1B[2K[1B[2K[1B[2K[1B[2K[1B[2K[1B[2K[1B[2K[1B[2K[1B[2K[1B[2K[1B[2K[1B[2K[1B[2K[1B[2K[1B[2K[1B[2K[1B[2K[1B[2K[1B[2K[1B[2K[1B[2K[1B[2K[1B[2K[1B[2K8[34mworker-1                 | [0m/usr/local/bundle/gems/sidekiq-7.2.4/lib/sidekiq/config.rb:160:in `redis'
[0G7[1B[2K[1B[2K[1B[2K[1B[2K[1B[2K[1B[2K[1B[2K[1B[2K[1B[2K[1B[2K[1B[2K[1B[2K[1B[2K[1B[2K[1B[2K[1B[2K[1B[2K[1B[2K[1B[2K[1B[2K[1B[2K[1B[2K[1B[2K[1B[2K[1B[2K[1B[2K8[2K
[0G[2K
[0G[2A[0G7[26;0H[2K[1;38;2;0;0;0;48;2;255;255;255mw[0m[2m Enable Watch[0m[0G8[0G7[1B[2K[1B[2K[1B[2K[1B[2K[1B[2K[1B[2K[1B[2K[1B[2K[1B[2K[1B[2K[1B[2K[1B[2K[1B[2K[1B[2K[1B[2K[1B[2K[1B[2K[1B[2K[1B[2K[1B[2K[1B[2K[1B[2K[1B[2K[1B[2K[1B[2K[1B[2K8[34mworker-1                 | [0m/usr/local/bundle/gems/sidekiq-7.2.4/lib/sidekiq/config.rb:143:in `redis_info'
[0G7[1B[2K[1B[2K[1B[2K[1B[2K[1B[2K[1B[2K[1B[2K[1B[2K[1B[2K[1B[2K[1B[2K[1B[2K[1B[2K[1B[2K[1B[2K[1B[2K[1B[2K[1B[2K[1B[2K[1B[2K[1B[2K[1B[2K[1B[2K[1B[2K[1B[2K[1B[2K8[2K
[0G[2K
[0G[2A[0G7[26;0H[2K[1;38;2;0;0;0;48;2;255;255;255mw[0m[2m Enable Watch[0m[0G8[0G7[1B[2K[1B[2K[1B[2K[1B[2K[1B[2K[1B[2K[1B[2K[1B[2K[1B[2K[1B[2K[1B[2K[1B[2K[1B[2K[1B[2K[1B[2K[1B[2K[1B[2K[1B[2K[1B[2K[1B[2K[1B[2K[1B[2K[1B[2K[1B[2K[1B[2K[1B[2K8[34mworker-1                 | [0m/usr/local/bundle/gems/sidekiq-7.2.4/lib/sidekiq/cli.rb:75:in `run'
[0G7[1B[2K[1B[2K[1B[2K[1B[2K[1B[2K[1B[2K[1B[2K[1B[2K[1B[2K[1B[2K[1B[2K[1B[2K[1B[2K[1B[2K[1B[2K[1B[2K[1B[2K[1B[2K[1B[2K[1B[2K[1B[2K[1B[2K[1B[2K[1B[2K[1B[2K[1B[2K8[2K
[0G[2K
[0G[2A[0G7[26;0H[2K[1;38;2;0;0;0;48;2;255;255;255mw[0m[2m Enable Watch[0m[0G8[0G7[1B[2K[1B[2K[1B[2K[1B[2K[1B[2K[1B[2K[1B[2K[1B[2K[1B[2K[1B[2K[1B[2K[1B[2K[1B[2K[1B[2K[1B[2K[1B[2K[1B[2K[1B[2K[1B[2K[1B[2K[1B[2K[1B[2K[1B[2K[1B[2K[1B[2K[1B[2K8[34mworker-1                 | [0m/usr/local/bundle/gems/sidekiq-7.2.4/bin/sidekiq:31:in `<top (required)>'
[0G7[1B[2K[1B[2K[1B[2K[1B[2K[1B[2K[1B[2K[1B[2K[1B[2K[1B[2K[1B[2K[1B[2K[1B[2K[1B[2K[1B[2K[1B[2K[1B[2K[1B[2K[1B[2K[1B[2K[1B[2K[1B[2K[1B[2K[1B[2K[1B[2K[1B[2K[1B[2K8[2K
[0G[2K
[0G[2A[0G7[26;0H[2K[1;38;2;0;0;0;48;2;255;255;255mw[0m[2m Enable Watch[0m[0G8[0G7[1B[2K[1B[2K[1B[2K[1B[2K[1B[2K[1B[2K[1B[2K[1B[2K[1B[2K[1B[2K[1B[2K[1B[2K[1B[2K[1B[2K[1B[2K[1B[2K[1B[2K[1B[2K[1B[2K[1B[2K[1B[2K[1B[2K[1B[2K[1B[2K[1B[2K[1B[2K8[34mworker-1                 | [0m/usr/local/lib/ruby/site_ruby/3.3.0/rubygems.rb:319:in `load'
[0G7[1B[2K[1B[2K[1B[2K[1B[2K[1B[2K[1B[2K[1B[2K[1B[2K[1B[2K[1B[2K[1B[2K[1B[2K[1B[2K[1B[2K[1B[2K[1B[2K[1B[2K[1B[2K[1B[2K[1B[2K[1B[2K[1B[2K[1B[2K[1B[2K[1B[2K[1B[2K8[2K
[0G[2K
[0G[2A[0G7[26;0H[2K[1;38;2;0;0;0;48;2;255;255;255mw[0m[2m Enable Watch[0m[0G8[0G7[1B[2K[1B[2K[1B[2K[1B[2K[1B[2K[1B[2K[1B[2K[1B[2K[1B[2K[1B[2K[1B[2K[1B[2K[1B[2K[1B[2K[1B[2K[1B[2K[1B[2K[1B[2K[1B[2K[1B[2K[1B[2K[1B[2K[1B[2K[1B[2K[1B[2K[1B[2K8[34mworker-1                 | [0m/usr/local/lib/ruby/site_ruby/3.3.0/rubygems.rb:319:in `activate_and_load_bin_path'
[0G7[1B[2K[1B[2K[1B[2K[1B[2K[1B[2K[1B[2K[1B[2K[1B[2K[1B[2K[1B[2K[1B[2K[1B[2K[1B[2K[1B[2K[1B[2K[1B[2K[1B[2K[1B[2K[1B[2K[1B[2K[1B[2K[1B[2K[1B[2K[1B[2K[1B[2K[1B[2K8[2K
[0G[2K
[0G[2A[0G7[26;0H[2K[1;38;2;0;0;0;48;2;255;255;255mw[0m[2m Enable Watch[0m[0G8[0G7[1B[2K[1B[2K[1B[2K[1B[2K[1B[2K[1B[2K[1B[2K[1B[2K[1B[2K[1B[2K[1B[2K[1B[2K[1B[2K[1B[2K[1B[2K[1B[2K[1B[2K[1B[2K[1B[2K[1B[2K[1B[2K[1B[2K[1B[2K[1B[2K[1B[2K[1B[2K8[34mworker-1                 | [0m/usr/local/bundle/bin/sidekiq:25:in `<top (required)>'
[0G7[1B[2K[1B[2K[1B[2K[1B[2K[1B[2K[1B[2K[1B[2K[1B[2K[1B[2K[1B[2K[1B[2K[1B[2K[1B[2K[1B[2K[1B[2K[1B[2K[1B[2K[1B[2K[1B[2K[1B[2K[1B[2K[1B[2K[1B[2K[1B[2K[1B[2K[1B[2K8[2K
[0G[2K
[0G[2A[0G7[26;0H[2K[1;38;2;0;0;0;48;2;255;255;255mw[0m[2m Enable Watch[0m[0G8[0G7[1B[2K[1B[2K[1B[2K[1B[2K[1B[2K[1B[2K[1B[2K[1B[2K[1B[2K[1B[2K[1B[2K[1B[2K[1B[2K[1B[2K[1B[2K[1B[2K[1B[2K[1B[2K[1B[2K[1B[2K[1B[2K[1B[2K[1B[2K[1B[2K[1B[2K[1B[2K8[34mworker-1                 | [0m/usr/local/bundle/gems/bundler-2.5.22/lib/bundler/cli/exec.rb:58:in `load'
[0G7[1B[2K[1B[2K[1B[2K[1B[2K[1B[2K[1B[2K[1B[2K[1B[2K[1B[2K[1B[2K[1B[2K[1B[2K[1B[2K[1B[2K[1B[2K[1B[2K[1B[2K[1B[2K[1B[2K[1B[2K[1B[2K[1B[2K[1B[2K[1B[2K[1B[2K[1B[2K8[2K
[0G[2K
[0G[2A[0G7[26;0H[2K[1;38;2;0;0;0;48;2;255;255;255mw[0m[2m Enable Watch[0m[0G8[0G7[1B[2K[1B[2K[1B[2K[1B[2K[1B[2K[1B[2K[1B[2K[1B[2K[1B[2K[1B[2K[1B[2K[1B[2K[1B[2K[1B[2K[1B[2K[1B[2K[1B[2K[1B[2K[1B[2K[1B[2K[1B[2K[1B[2K[1B[2K[1B[2K[1B[2K[1B[2K8[34mworker-1                 | [0m/usr/local/bundle/gems/bundler-2.5.22/lib/bundler/cli/exec.rb:58:in `kernel_load'
[0G7[1B[2K[1B[2K[1B[2K[1B[2K[1B[2K[1B[2K[1B[2K[1B[2K[1B[2K[1B[2K[1B[2K[1B[2K[1B[2K[1B[2K[1B[2K[1B[2K[1B[2K[1B[2K[1B[2K[1B[2K[1B[2K[1B[2K[1B[2K[1B[2K[1B[2K[1B[2K8[2K
[0G[2K
[0G[2A[0G7[26;0H[2K[1;38;2;0;0;0;48;2;255;255;255mw[0m[2m Enable Watch[0m[0G8[0G7[1B[2K[1B[2K[1B[2K[1B[2K[1B[2K[1B[2K[1B[2K[1B[2K[1B[2K[1B[2K[1B[2K[1B[2K[1B[2K[1B[2K[1B[2K[1B[2K[1B[2K[1B[2K[1B[2K[1B[2K[1B[2K[1B[2K[1B[2K[1B[2K[1B[2K[1B[2K8[34mworker-1                 | [0m/usr/local/bundle/gems/bundler-2.5.22/lib/bundler/cli/exec.rb:23:in `run'
[0G7[1B[2K[1B[2K[1B[2K[1B[2K[1B[2K[1B[2K[1B[2K[1B[2K[1B[2K[1B[2K[1B[2K[1B[2K[1B[2K[1B[2K[1B[2K[1B[2K[1B[2K[1B[2K[1B[2K[1B[2K[1B[2K[1B[2K[1B[2K[1B[2K[1B[2K[1B[2K8[2K
[0G[2K
[0G[2A[0G7[26;0H[2K[1;38;2;0;0;0;48;2;255;255;255mw[0m[2m Enable Watch[0m[0G8[0G7[1B[2K[1B[2K[1B[2K[1B[2K[1B[2K[1B[2K[1B[2K[1B[2K[1B[2K[1B[2K[1B[2K[1B[2K[1B[2K[1B[2K[1B[2K[1B[2K[1B[2K[1B[2K[1B[2K[1B[2K[1B[2K[1B[2K[1B[2K[1B[2K[1B[2K[1B[2K8[34mworker-1                 | [0m/usr/local/bundle/gems/bundler-2.5.22/lib/bundler/cli.rb:455:in `exec'
[0G7[1B[2K[1B[2K[1B[2K[1B[2K[1B[2K[1B[2K[1B[2K[1B[2K[1B[2K[1B[2K[1B[2K[1B[2K[1B[2K[1B[2K[1B[2K[1B[2K[1B[2K[1B[2K[1B[2K[1B[2K[1B[2K[1B[2K[1B[2K[1B[2K[1B[2K[1B[2K8[2K
[0G[2K
[0G[2A[0G7[26;0H[2K[1;38;2;0;0;0;48;2;255;255;255mw[0m[2m Enable Watch[0m[0G8[0G7[1B[2K[1B[2K[1B[2K[1B[2K[1B[2K[1B[2K[1B[2K[1B[2K[1B[2K[1B[2K[1B[2K[1B[2K[1B[2K[1B[2K[1B[2K[1B[2K[1B[2K[1B[2K[1B[2K[1B[2K[1B[2K[1B[2K[1B[2K[1B[2K[1B[2K[1B[2K8[34mworker-1                 | [0m/usr/local/bundle/gems/bundler-2.5.22/lib/bundler/vendor/thor/lib/thor/command.rb:28:in `run'
[0G7[1B[2K[1B[2K[1B[2K[1B[2K[1B[2K[1B[2K[1B[2K[1B[2K[1B[2K[1B[2K[1B[2K[1B[2K[1B[2K[1B[2K[1B[2K[1B[2K[1B[2K[1B[2K[1B[2K[1B[2K[1B[2K[1B[2K[1B[2K[1B[2K[1B[2K[1B[2K8[2K
[0G[2K
[0G[2A[0G7[26;0H[2K[1;38;2;0;0;0;48;2;255;255;255mw[0m[2m Enable Watch[0m[0G8[0G7[1B[2K[1B[2K[1B[2K[1B[2K[1B[2K[1B[2K[1B[2K[1B[2K[1B[2K[1B[2K[1B[2K[1B[2K[1B[2K[1B[2K[1B[2K[1B[2K[1B[2K[1B[2K[1B[2K[1B[2K[1B[2K[1B[2K[1B[2K[1B[2K[1B[2K[1B[2K8[34mworker-1                 | [0m/usr/local/bundle/gems/bundler-2.5.22/lib/bundler/vendor/thor/lib/thor/invocation.rb:127:in `invoke_command'
[0G7[1B[2K[1B[2K[1B[2K[1B[2K[1B[2K[1B[2K[1B[2K[1B[2K[1B[2K[1B[2K[1B[2K[1B[2K[1B[2K[1B[2K[1B[2K[1B[2K[1B[2K[1B[2K[1B[2K[1B[2K[1B[2K[1B[2K[1B[2K[1B[2K[1B[2K[1B[2K8[2K
[0G[2K
[0G[2A[0G7[26;0H[2K[1;38;2;0;0;0;48;2;255;255;255mw[0m[2m Enable Watch[0m[0G8[0G7[1B[2K[1B[2K[1B[2K[1B[2K[1B[2K[1B[2K[1B[2K[1B[2K[1B[2K[1B[2K[1B[2K[1B[2K[1B[2K[1B[2K[1B[2K[1B[2K[1B[2K[1B[2K[1B[2K[1B[2K[1B[2K[1B[2K[1B[2K[1B[2K[1B[2K[1B[2K8[34mworker-1                 | [0m/usr/local/bundle/gems/bundler-2.5.22/lib/bundler/vendor/thor/lib/thor.rb:527:in `dispatch'
[0G7[1B[2K[1B[2K[1B[2K[1B[2K[1B[2K[1B[2K[1B[2K[1B[2K[1B[2K[1B[2K[1B[2K[1B[2K[1B[2K[1B[2K[1B[2K[1B[2K[1B[2K[1B[2K[1B[2K[1B[2K[1B[2K[1B[2K[1B[2K[1B[2K[1B[2K[1B[2K8[2K
[0G[2K
[0G[2A[0G7[26;0H[2K[1;38;2;0;0;0;48;2;255;255;255mw[0m[2m Enable Watch[0m[0G8[0G7[1B[2K[1B[2K[1B[2K[1B[2K[1B[2K[1B[2K[1B[2K[1B[2K[1B[2K[1B[2K[1B[2K[1B[2K[1B[2K[1B[2K[1B[2K[1B[2K[1B[2K[1B[2K[1B[2K[1B[2K[1B[2K[1B[2K[1B[2K[1B[2K[1B[2K[1B[2K8[34mworker-1                 | [0m/usr/local/bundle/gems/bundler-2.5.22/lib/bundler/cli.rb:35:in `dispatch'
[0G7[1B[2K[1B[2K[1B[2K[1B[2K[1B[2K[1B[2K[1B[2K[1B[2K[1B[2K[1B[2K[1B[2K[1B[2K[1B[2K[1B[2K[1B[2K[1B[2K[1B[2K[1B[2K[1B[2K[1B[2K[1B[2K[1B[2K[1B[2K[1B[2K[1B[2K[1B[2K8[2K
[0G[2K
[0G[2A[0G7[26;0H[2K[1;38;2;0;0;0;48;2;255;255;255mw[0m[2m Enable Watch[0m[0G8[0G7[1B[2K[1B[2K[1B[2K[1B[2K[1B[2K[1B[2K[1B[2K[1B[2K[1B[2K[1B[2K[1B[2K[1B[2K[1B[2K[1B[2K[1B[2K[1B[2K[1B[2K[1B[2K[1B[2K[1B[2K[1B[2K[1B[2K[1B[2K[1B[2K[1B[2K[1B[2K8[34mworker-1                 | [0m/usr/local/bundle/gems/bundler-2.5.22/lib/bundler/vendor/thor/lib/thor/base.rb:584:in `start'
[0G7[1B[2K[1B[2K[1B[2K[1B[2K[1B[2K[1B[2K[1B[2K[1B[2K[1B[2K[1B[2K[1B[2K[1B[2K[1B[2K[1B[2K[1B[2K[1B[2K[1B[2K[1B[2K[1B[2K[1B[2K[1B[2K[1B[2K[1B[2K[1B[2K[1B[2K[1B[2K8[2K
[0G[2K
[0G[2A[0G7[26;0H[2K[1;38;2;0;0;0;48;2;255;255;255mw[0m[2m Enable Watch[0m[0G8[0G7[1B[2K[1B[2K[1B[2K[1B[2K[1B[2K[1B[2K[1B[2K[1B[2K[1B[2K[1B[2K[1B[2K[1B[2K[1B[2K[1B[2K[1B[2K[1B[2K[1B[2K[1B[2K[1B[2K[1B[2K[1B[2K[1B[2K[1B[2K[1B[2K[1B[2K[1B[2K8[34mworker-1                 | [0m/usr/local/bundle/gems/bundler-2.5.22/lib/bundler/cli.rb:29:in `start'
[0G7[1B[2K[1B[2K[1B[2K[1B[2K[1B[2K[1B[2K[1B[2K[1B[2K[1B[2K[1B[2K[1B[2K[1B[2K[1B[2K[1B[2K[1B[2K[1B[2K[1B[2K[1B[2K[1B[2K[1B[2K[1B[2K[1B[2K[1B[2K[1B[2K[1B[2K[1B[2K8[2K
[0G[2K
[0G[2A[0G7[26;0H[2K[1;38;2;0;0;0;48;2;255;255;255mw[0m[2m Enable Watch[0m[0G8[0G7[1B[2K[1B[2K[1B[2K[1B[2K[1B[2K[1B[2K[1B[2K[1B[2K[1B[2K[1B[2K[1B[2K[1B[2K[1B[2K[1B[2K[1B[2K[1B[2K[1B[2K[1B[2K[1B[2K[1B[2K[1B[2K[1B[2K[1B[2K[1B[2K[1B[2K[1B[2K8[34mworker-1                 | [0m/usr/local/bundle/gems/bundler-2.5.22/exe/bundle:28:in `block in <top (required)>'
[0G7[1B[2K[1B[2K[1B[2K[1B[2K[1B[2K[1B[2K[1B[2K[1B[2K[1B[2K[1B[2K[1B[2K[1B[2K[1B[2K[1B[2K[1B[2K[1B[2K[1B[2K[1B[2K[1B[2K[1B[2K[1B[2K[1B[2K[1B[2K[1B[2K[1B[2K[1B[2K8[2K
[0G[2K
[0G[2A[0G7[26;0H[2K[1;38;2;0;0;0;48;2;255;255;255mw[0m[2m Enable Watch[0m[0G8[0G7[1B[2K[1B[2K[1B[2K[1B[2K[1B[2K[1B[2K[1B[2K[1B[2K[1B[2K[1B[2K[1B[2K[1B[2K[1B[2K[1B[2K[1B[2K[1B[2K[1B[2K[1B[2K[1B[2K[1B[2K[1B[2K[1B[2K[1B[2K[1B[2K[1B[2K[1B[2K8[34mworker-1                 | [0m/usr/local/bundle/gems/bundler-2.5.22/lib/bundler/friendly_errors.rb:117:in `with_friendly_errors'
[0G7[1B[2K[1B[2K[1B[2K[1B[2K[1B[2K[1B[2K[1B[2K[1B[2K[1B[2K[1B[2K[1B[2K[1B[2K[1B[2K[1B[2K[1B[2K[1B[2K[1B[2K[1B[2K[1B[2K[1B[2K[1B[2K[1B[2K[1B[2K[1B[2K[1B[2K[1B[2K8[2K
[0G[2K
[0G[2A[0G7[26;0H[2K[1;38;2;0;0;0;48;2;255;255;255mw[0m[2m Enable Watch[0m[0G8[0G7[1B[2K[1B[2K[1B[2K[1B[2K[1B[2K[1B[2K[1B[2K[1B[2K[1B[2K[1B[2K[1B[2K[1B[2K[1B[2K[1B[2K[1B[2K[1B[2K[1B[2K[1B[2K[1B[2K[1B[2K[1B[2K[1B[2K[1B[2K[1B[2K[1B[2K[1B[2K8[34mworker-1                 | [0m/usr/local/bundle/gems/bundler-2.5.22/exe/bundle:20:in `<top (required)>'
[0G7[1B[2K[1B[2K[1B[2K[1B[2K[1B[2K[1B[2K[1B[2K[1B[2K[1B[2K[1B[2K[1B[2K[1B[2K[1B[2K[1B[2K[1B[2K[1B[2K[1B[2K[1B[2K[1B[2K[1B[2K[1B[2K[1B[2K[1B[2K[1B[2K[1B[2K[1B[2K8[2K
[0G[2K
[0G[2A[0G7[26;0H[2K[1;38;2;0;0;0;48;2;255;255;255mw[0m[2m Enable Watch[0m[0G8[0G7[1B[2K[1B[2K[1B[2K[1B[2K[1B[2K[1B[2K[1B[2K[1B[2K[1B[2K[1B[2K[1B[2K[1B[2K[1B[2K[1B[2K[1B[2K[1B[2K[1B[2K[1B[2K[1B[2K[1B[2K[1B[2K[1B[2K[1B[2K[1B[2K[1B[2K[1B[2K8[34mworker-1                 | [0m/usr/local/lib/ruby/site_ruby/3.3.0/rubygems.rb:319:in `load'
[0G7[1B[2K[1B[2K[1B[2K[1B[2K[1B[2K[1B[2K[1B[2K[1B[2K[1B[2K[1B[2K[1B[2K[1B[2K[1B[2K[1B[2K[1B[2K[1B[2K[1B[2K[1B[2K[1B[2K[1B[2K[1B[2K[1B[2K[1B[2K[1B[2K[1B[2K[1B[2K8[2K
[0G[2K
[0G[2A[0G7[26;0H[2K[1;38;2;0;0;0;48;2;255;255;255mw[0m[2m Enable Watch[0m[0G8[0G7[1B[2K[1B[2K[1B[2K[1B[2K[1B[2K[1B[2K[1B[2K[1B[2K[1B[2K[1B[2K[1B[2K[1B[2K[1B[2K[1B[2K[1B[2K[1B[2K[1B[2K[1B[2K[1B[2K[1B[2K[1B[2K[1B[2K[1B[2K[1B[2K[1B[2K[1B[2K8[34mworker-1                 | [0m/usr/local/lib/ruby/site_ruby/3.3.0/rubygems.rb:319:in `activate_and_load_bin_path'
[0G7[1B[2K[1B[2K[1B[2K[1B[2K[1B[2K[1B[2K[1B[2K[1B[2K[1B[2K[1B[2K[1B[2K[1B[2K[1B[2K[1B[2K[1B[2K[1B[2K[1B[2K[1B[2K[1B[2K[1B[2K[1B[2K[1B[2K[1B[2K[1B[2K[1B[2K[1B[2K8[2K
[0G[2K
[0G[2A[0G7[26;0H[2K[1;38;2;0;0;0;48;2;255;255;255mw[0m[2m Enable Watch[0m[0G8[0G7[1B[2K[1B[2K[1B[2K[1B[2K[1B[2K[1B[2K[1B[2K[1B[2K[1B[2K[1B[2K[1B[2K[1B[2K[1B[2K[1B[2K[1B[2K[1B[2K[1B[2K[1B[2K[1B[2K[1B[2K[1B[2K[1B[2K[1B[2K[1B[2K[1B[2K[1B[2K8[34mworker-1                 | [0m/usr/local/bundle/bin/bundle:25:in `<main>'
[0G7[1B[2K[1B[2K[1B[2K[1B[2K[1B[2K[1B[2K[1B[2K[1B[2K[1B[2K[1B[2K[1B[2K[1B[2K[1B[2K[1B[2K[1B[2K[1B[2K[1B[2K[1B[2K[1B[2K[1B[2K[1B[2K[1B[2K[1B[2K[1B[2K[1B[2K[1B[2K8[2K
[0G[2K
[0G[2A[0G7[26;0H[2K[1;38;2;0;0;0;48;2;255;255;255mw[0m[2m Enable Watch[0m[0G8[0G7[1B[2K[1B[2K[1B[2K[1B[2K[1B[2K[1B[2K[1B[2K[1B[2K[1B[2K[1B[2K[1B[2K[1B[2K[1B[2K[1B[2K[1B[2K[1B[2K[1B[2K[1B[2K[1B[2K[1B[2K[1B[2K[1B[2K[1B[2K[1B[2K[1B[2K[1B[2K8[33minferno-1                | [0m2025-09-01T00:48:56.930Z pid=1 tid=3x5 INFO: Sidekiq 7.2.4 connecting to Redis with options {:size=>10, :pool_name=>"internal", :url=>"redis://redis:6379/0"}
[0G7[1B[2K[1B[2K[1B[2K[1B[2K[1B[2K[1B[2K[1B[2K[1B[2K[1B[2K[1B[2K[1B[2K[1B[2K[1B[2K[1B[2K[1B[2K[1B[2K[1B[2K[1B[2K[1B[2K[1B[2K[1B[2K[1B[2K[1B[2K[1B[2K[1B[2K[1B[2K8[2K
[0G[2K
[0G[2A[0G7[26;0H[2K[1;38;2;0;0;0;48;2;255;255;255mw[0m[2m Enable Watch[0m[0G8[0G7[1B[2K[1B[2K[1B[2K[1B[2K[1B[2K[1B[2K[1B[2K[1B[2K[1B[2K[1B[2K[1B[2K[1B[2K[1B[2K[1B[2K[1B[2K[1B[2K[1B[2K[1B[2K[1B[2K[1B[2K[1B[2K[1B[2K[1B[2K[1B[2K[1B[2K[1B[2K8[33minferno-1                | [0mbundler: failed to load command: puma (/usr/local/bundle/bin/puma)
[0G7[1B[2K[1B[2K[1B[2K[1B[2K[1B[2K[1B[2K[1B[2K[1B[2K[1B[2K[1B[2K[1B[2K[1B[2K[1B[2K[1B[2K[1B[2K[1B[2K[1B[2K[1B[2K[1B[2K[1B[2K[1B[2K[1B[2K[1B[2K[1B[2K[1B[2K[1B[2K8[2K
[0G[2K
[0G[2A[0G7[26;0H[2K[1;38;2;0;0;0;48;2;255;255;255mw[0m[2m Enable Watch[0m[0G8[0G7[1B[2K[1B[2K[1B[2K[1B[2K[1B[2K[1B[2K[1B[2K[1B[2K[1B[2K[1B[2K[1B[2K[1B[2K[1B[2K[1B[2K[1B[2K[1B[2K[1B[2K[1B[2K[1B[2K[1B[2K[1B[2K[1B[2K[1B[2K[1B[2K[1B[2K[1B[2K8[33minferno-1                | [0m! Unable to load application: RedisClient::CannotConnectError: getaddrinfo: No address associated with hostname (redis://redis:6379)
[0G7[1B[2K[1B[2K[1B[2K[1B[2K[1B[2K[1B[2K[1B[2K[1B[2K[1B[2K[1B[2K[1B[2K[1B[2K[1B[2K[1B[2K[1B[2K[1B[2K[1B[2K[1B[2K[1B[2K[1B[2K[1B[2K[1B[2K[1B[2K[1B[2K[1B[2K[1B[2K8[2K
[0G[2K
[0G[2A[0G7[26;0H[2K[1;38;2;0;0;0;48;2;255;255;255mw[0m[2m Enable Watch[0m[0G8[0G7[1B[2K[1B[2K[1B[2K[1B[2K[1B[2K[1B[2K[1B[2K[1B[2K[1B[2K[1B[2K[1B[2K[1B[2K[1B[2K[1B[2K[1B[2K[1B[2K[1B[2K[1B[2K[1B[2K[1B[2K[1B[2K[1B[2K[1B[2K[1B[2K[1B[2K[1B[2K8[33minferno-1                | [0m/usr/local/lib/ruby/3.3.0/socket.rb:231:in `getaddrinfo': getaddrinfo: No address associated with hostname (redis://redis:6379) (RedisClient::CannotConnectError)
[0G7[1B[2K[1B[2K[1B[2K[1B[2K[1B[2K[1B[2K[1B[2K[1B[2K[1B[2K[1B[2K[1B[2K[1B[2K[1B[2K[1B[2K[1B[2K[1B[2K[1B[2K[1B[2K[1B[2K[1B[2K[1B[2K[1B[2K[1B[2K[1B[2K[1B[2K[1B[2K8[2K
[0G[2K
[0G[2A[0G7[26;0H[2K[1;38;2;0;0;0;48;2;255;255;255mw[0m[2m Enable Watch[0m[0G8[0G7[1B[2K[1B[2K[1B[2K[1B[2K[1B[2K[1B[2K[1B[2K[1B[2K[1B[2K[1B[2K[1B[2K[1B[2K[1B[2K[1B[2K[1B[2K[1B[2K[1B[2K[1B[2K[1B[2K[1B[2K[1B[2K[1B[2K[1B[2K[1B[2K[1B[2K[1B[2K8[33minferno-1                | [0m	from /usr/local/lib/ruby/3.3.0/socket.rb:231:in `foreach'
[0G7[1B[2K[1B[2K[1B[2K[1B[2K[1B[2K[1B[2K[1B[2K[1B[2K[1B[2K[1B[2K[1B[2K[1B[2K[1B[2K[1B[2K[1B[2K[1B[2K[1B[2K[1B[2K[1B[2K[1B[2K[1B[2K[1B[2K[1B[2K[1B[2K[1B[2K[1B[2K8[2K
[0G[2K
[0G[2A[0G7[26;0H[2K[1;38;2;0;0;0;48;2;255;255;255mw[0m[2m Enable Watch[0m[0G8[0G7[1B[2K[1B[2K[1B[2K[1B[2K[1B[2K[1B[2K[1B[2K[1B[2K[1B[2K[1B[2K[1B[2K[1B[2K[1B[2K[1B[2K[1B[2K[1B[2K[1B[2K[1B[2K[1B[2K[1B[2K[1B[2K[1B[2K[1B[2K[1B[2K[1B[2K[1B[2K8[33minferno-1                | [0m	from /usr/local/lib/ruby/3.3.0/socket.rb:637:in `tcp'
[0G7[1B[2K[1B[2K[1B[2K[1B[2K[1B[2K[1B[2K[1B[2K[1B[2K[1B[2K[1B[2K[1B[2K[1B[2K[1B[2K[1B[2K[1B[2K[1B[2K[1B[2K[1B[2K[1B[2K[1B[2K[1B[2K[1B[2K[1B[2K[1B[2K[1B[2K[1B[2K8[2K
[0G[2K
[0G[2A[0G7[26;0H[2K[1;38;2;0;0;0;48;2;255;255;255mw[0m[2m Enable Watch[0m[0G8[0G7[1B[2K[1B[2K[1B[2K[1B[2K[1B[2K[1B[2K[1B[2K[1B[2K[1B[2K[1B[2K[1B[2K[1B[2K[1B[2K[1B[2K[1B[2K[1B[2K[1B[2K[1B[2K[1B[2K[1B[2K[1B[2K[1B[2K[1B[2K[1B[2K[1B[2K[1B[2K8[33minferno-1                | [0m	from /usr/local/bundle/gems/redis-client-0.25.1/lib/redis_client/ruby_connection.rb:120:in `connect'
[0G7[1B[2K[1B[2K[1B[2K[1B[2K[1B[2K[1B[2K[1B[2K[1B[2K[1B[2K[1B[2K[1B[2K[1B[2K[1B[2K[1B[2K[1B[2K[1B[2K[1B[2K[1B[2K[1B[2K[1B[2K[1B[2K[1B[2K[1B[2K[1B[2K[1B[2K[1B[2K8[2K
[0G[2K
[0G[2A[0G7[26;0H[2K[1;38;2;0;0;0;48;2;255;255;255mw[0m[2m Enable Watch[0m[0G8[0G7[1B[2K[1B[2K[1B[2K[1B[2K[1B[2K[1B[2K[1B[2K[1B[2K[1B[2K[1B[2K[1B[2K[1B[2K[1B[2K[1B[2K[1B[2K[1B[2K[1B[2K[1B[2K[1B[2K[1B[2K[1B[2K[1B[2K[1B[2K[1B[2K[1B[2K[1B[2K8[33minferno-1                | [0m	from /usr/local/bundle/gems/redis-client-0.25.1/lib/redis_client/ruby_connection.rb:51:in `initialize'
[0G7[1B[2K[1B[2K[1B[2K[1B[2K[1B[2K[1B[2K[1B[2K[1B[2K[1B[2K[1B[2K[1B[2K[1B[2K[1B[2K[1B[2K[1B[2K[1B[2K[1B[2K[1B[2K[1B[2K[1B[2K[1B[2K[1B[2K[1B[2K[1B[2K[1B[2K[1B[2K8[2K
[0G[2K
[0G[2A[0G7[26;0H[2K[1;38;2;0;0;0;48;2;255;255;255mw[0m[2m Enable Watch[0m[0G8[0G7[1B[2K[1B[2K[1B[2K[1B[2K[1B[2K[1B[2K[1B[2K[1B[2K[1B[2K[1B[2K[1B[2K[1B[2K[1B[2K[1B[2K[1B[2K[1B[2K[1B[2K[1B[2K[1B[2K[1B[2K[1B[2K[1B[2K[1B[2K[1B[2K[1B[2K[1B[2K8[33minferno-1                | [0m	from /usr/local/bundle/gems/redis-client-0.25.1/lib/redis_client.rb:773:in `new'
[0G7[1B[2K[1B[2K[1B[2K[1B[2K[1B[2K[1B[2K[1B[2K[1B[2K[1B[2K[1B[2K[1B[2K[1B[2K[1B[2K[1B[2K[1B[2K[1B[2K[1B[2K[1B[2K[1B[2K[1B[2K[1B[2K[1B[2K[1B[2K[1B[2K[1B[2K[1B[2K8[2K
[0G[2K
[0G[2A[0G7[26;0H[2K[1;38;2;0;0;0;48;2;255;255;255mw[0m[2m Enable Watch[0m[0G8[0G7[1B[2K[1B[2K[1B[2K[1B[2K[1B[2K[1B[2K[1B[2K[1B[2K[1B[2K[1B[2K[1B[2K[1B[2K[1B[2K[1B[2K[1B[2K[1B[2K[1B[2K[1B[2K[1B[2K[1B[2K[1B[2K[1B[2K[1B[2K[1B[2K[1B[2K[1B[2K8[33minferno-1                | [0m	from /usr/local/bundle/gems/redis-client-0.25.1/lib/redis_client.rb:773:in `block in connect'
[0G7[1B[2K[1B[2K[1B[2K[1B[2K[1B[2K[1B[2K[1B[2K[1B[2K[1B[2K[1B[2K[1B[2K[1B[2K[1B[2K[1B[2K[1B[2K[1B[2K[1B[2K[1B[2K[1B[2K[1B[2K[1B[2K[1B[2K[1B[2K[1B[2K[1B[2K[1B[2K8[2K
[0G[2K
[0G[2A[0G7[26;0H[2K[1;38;2;0;0;0;48;2;255;255;255mw[0m[2m Enable Watch[0m[0G8[0G7[1B[2K[1B[2K[1B[2K[1B[2K[1B[2K[1B[2K[1B[2K[1B[2K[1B[2K[1B[2K[1B[2K[1B[2K[1B[2K[1B[2K[1B[2K[1B[2K[1B[2K[1B[2K[1B[2K[1B[2K[1B[2K[1B[2K[1B[2K[1B[2K[1B[2K[1B[2K8[33minferno-1                | [0m	from /usr/local/bundle/gems/redis-client-0.25.1/lib/redis_client/middlewares.rb:12:in `connect'
[0G7[1B[2K[1B[2K[1B[2K[1B[2K[1B[2K[1B[2K[1B[2K[1B[2K[1B[2K[1B[2K[1B[2K[1B[2K[1B[2K[1B[2K[1B[2K[1B[2K[1B[2K[1B[2K[1B[2K[1B[2K[1B[2K[1B[2K[1B[2K[1B[2K[1B[2K[1B[2K8[2K
[0G[2K
[0G[2A[0G7[26;0H[2K[1;38;2;0;0;0;48;2;255;255;255mw[0m[2m Enable Watch[0m[0G8[0G7[1B[2K[1B[2K[1B[2K[1B[2K[1B[2K[1B[2K[1B[2K[1B[2K[1B[2K[1B[2K[1B[2K[1B[2K[1B[2K[1B[2K[1B[2K[1B[2K[1B[2K[1B[2K[1B[2K[1B[2K[1B[2K[1B[2K[1B[2K[1B[2K[1B[2K[1B[2K8[33minferno-1                | [0m	from /usr/local/bundle/gems/redis-client-0.25.1/lib/redis_client.rb:772:in `connect'
[0G7[1B[2K[1B[2K[1B[2K[1B[2K[1B[2K[1B[2K[1B[2K[1B[2K[1B[2K[1B[2K[1B[2K[1B[2K[1B[2K[1B[2K[1B[2K[1B[2K[1B[2K[1B[2K[1B[2K[1B[2K[1B[2K[1B[2K[1B[2K[1B[2K[1B[2K[1B[2K8[2K
[0G[2K
[0G[2A[0G7[26;0H[2K[1;38;2;0;0;0;48;2;255;255;255mw[0m[2m Enable Watch[0m[0G8[0G7[1B[2K[1B[2K[1B[2K[1B[2K[1B[2K[1B[2K[1B[2K[1B[2K[1B[2K[1B[2K[1B[2K[1B[2K[1B[2K[1B[2K[1B[2K[1B[2K[1B[2K[1B[2K[1B[2K[1B[2K[1B[2K[1B[2K[1B[2K[1B[2K[1B[2K[1B[2K8[33minferno-1                | [0m	from /usr/local/bundle/gems/redis-client-0.25.1/lib/redis_client.rb:759:in `raw_connection'
[0G7[1B[2K[1B[2K[1B[2K[1B[2K[1B[2K[1B[2K[1B[2K[1B[2K[1B[2K[1B[2K[1B[2K[1B[2K[1B[2K[1B[2K[1B[2K[1B[2K[1B[2K[1B[2K[1B[2K[1B[2K[1B[2K[1B[2K[1B[2K[1B[2K[1B[2K[1B[2K8[2K
[0G[2K
[0G[2A[0G7[26;0H[2K[1;38;2;0;0;0;48;2;255;255;255mw[0m[2m Enable Watch[0m[0G8[0G7[1B[2K[1B[2K[1B[2K[1B[2K[1B[2K[1B[2K[1B[2K[1B[2K[1B[2K[1B[2K[1B[2K[1B[2K[1B[2K[1B[2K[1B[2K[1B[2K[1B[2K[1B[2K[1B[2K[1B[2K[1B[2K[1B[2K[1B[2K[1B[2K[1B[2K[1B[2K8[33minferno-1                | [0m	from /usr/local/bundle/gems/redis-client-0.25.1/lib/redis_client.rb:719:in `ensure_connected'
[0G7[1B[2K[1B[2K[1B[2K[1B[2K[1B[2K[1B[2K[1B[2K[1B[2K[1B[2K[1B[2K[1B[2K[1B[2K[1B[2K[1B[2K[1B[2K[1B[2K[1B[2K[1B[2K[1B[2K[1B[2K[1B[2K[1B[2K[1B[2K[1B[2K[1B[2K[1B[2K8[2K
[0G[2K
[0G[2A[0G7[26;0H[2K[1;38;2;0;0;0;48;2;255;255;255mw[0m[2m Enable Watch[0m[0G8[0G7[1B[2K[1B[2K[1B[2K[1B[2K[1B[2K[1B[2K[1B[2K[1B[2K[1B[2K[1B[2K[1B[2K[1B[2K[1B[2K[1B[2K[1B[2K[1B[2K[1B[2K[1B[2K[1B[2K[1B[2K[1B[2K[1B[2K[1B[2K[1B[2K[1B[2K[1B[2K8[33minferno-1                | [0m	from /usr/local/bundle/gems/redis-client-0.25.1/lib/redis_client.rb:453:in `pipelined'
[0G7[1B[2K[1B[2K[1B[2K[1B[2K[1B[2K[1B[2K[1B[2K[1B[2K[1B[2K[1B[2K[1B[2K[1B[2K[1B[2K[1B[2K[1B[2K[1B[2K[1B[2K[1B[2K[1B[2K[1B[2K[1B[2K[1B[2K[1B[2K[1B[2K[1B[2K[1B[2K8[2K
[0G[2K
[0G[2A[0G7[26;0H[2K[1;38;2;0;0;0;48;2;255;255;255mw[0m[2m Enable Watch[0m[0G8[0G7[1B[2K[1B[2K[1B[2K[1B[2K[1B[2K[1B[2K[1B[2K[1B[2K[1B[2K[1B[2K[1B[2K[1B[2K[1B[2K[1B[2K[1B[2K[1B[2K[1B[2K[1B[2K[1B[2K[1B[2K[1B[2K[1B[2K[1B[2K[1B[2K[1B[2K[1B[2K8[33minferno-1                | [0m	from /usr/local/bundle/gems/redis-client-0.25.1/lib/redis_client/decorator.rb:51:in `pipelined'
[0G7[1B[2K[1B[2K[1B[2K[1B[2K[1B[2K[1B[2K[1B[2K[1B[2K[1B[2K[1B[2K[1B[2K[1B[2K[1B[2K[1B[2K[1B[2K[1B[2K[1B[2K[1B[2K[1B[2K[1B[2K[1B[2K[1B[2K[1B[2K[1B[2K[1B[2K[1B[2K8[2K
[0G[2K
[0G[2A[0G7[26;0H[2K[1;38;2;0;0;0;48;2;255;255;255mw[0m[2m Enable Watch[0m[0G8[0G7[1B[2K[1B[2K[1B[2K[1B[2K[1B[2K[1B[2K[1B[2K[1B[2K[1B[2K[1B[2K[1B[2K[1B[2K[1B[2K[1B[2K[1B[2K[1B[2K[1B[2K[1B[2K[1B[2K[1B[2K[1B[2K[1B[2K[1B[2K[1B[2K[1B[2K[1B[2K8[33minferno-1                | [0m	from /usr/local/bundle/gems/sidekiq-7.2.4/lib/sidekiq/client.rb:228:in `block in raw_push'
[0G7[1B[2K[1B[2K[1B[2K[1B[2K[1B[2K[1B[2K[1B[2K[1B[2K[1B[2K[1B[2K[1B[2K[1B[2K[1B[2K[1B[2K[1B[2K[1B[2K[1B[2K[1B[2K[1B[2K[1B[2K[1B[2K[1B[2K[1B[2K[1B[2K[1B[2K[1B[2K8[2K
[0G[2K
[0G[2A[0G7[26;0H[2K[1;38;2;0;0;0;48;2;255;255;255mw[0m[2m Enable Watch[0m[0G8[0G7[1B[2K[1B[2K[1B[2K[1B[2K[1B[2K[1B[2K[1B[2K[1B[2K[1B[2K[1B[2K[1B[2K[1B[2K[1B[2K[1B[2K[1B[2K[1B[2K[1B[2K[1B[2K[1B[2K[1B[2K[1B[2K[1B[2K[1B[2K[1B[2K[1B[2K[1B[2K8[33minferno-1                | [0m	from /usr/local/bundle/gems/connection_pool-2.5.3/lib/connection_pool.rb:110:in `block (2 levels) in with'
[0G7[1B[2K[1B[2K[1B[2K[1B[2K[1B[2K[1B[2K[1B[2K[1B[2K[1B[2K[1B[2K[1B[2K[1B[2K[1B[2K[1B[2K[1B[2K[1B[2K[1B[2K[1B[2K[1B[2K[1B[2K[1B[2K[1B[2K[1B[2K[1B[2K[1B[2K[1B[2K8[2K
[0G[2K
[0G[2A[0G7[26;0H[2K[1;38;2;0;0;0;48;2;255;255;255mw[0m[2m Enable Watch[0m[0G8[0G7[1B[2K[1B[2K[1B[2K[1B[2K[1B[2K[1B[2K[1B[2K[1B[2K[1B[2K[1B[2K[1B[2K[1B[2K[1B[2K[1B[2K[1B[2K[1B[2K[1B[2K[1B[2K[1B[2K[1B[2K[1B[2K[1B[2K[1B[2K[1B[2K[1B[2K[1B[2K8[33minferno-1                | [0m	from /usr/local/bundle/gems/connection_pool-2.5.3/lib/connection_pool.rb:109:in `handle_interrupt'
[0G7[1B[2K[1B[2K[1B[2K[1B[2K[1B[2K[1B[2K[1B[2K[1B[2K[1B[2K[1B[2K[1B[2K[1B[2K[1B[2K[1B[2K[1B[2K[1B[2K[1B[2K[1B[2K[1B[2K[1B[2K[1B[2K[1B[2K[1B[2K[1B[2K[1B[2K[1B[2K8[2K
[0G[2K
[0G[2A[0G7[26;0H[2K[1;38;2;0;0;0;48;2;255;255;255mw[0m[2m Enable Watch[0m[0G8[0G7[1B[2K[1B[2K[1B[2K[1B[2K[1B[2K[1B[2K[1B[2K[1B[2K[1B[2K[1B[2K[1B[2K[1B[2K[1B[2K[1B[2K[1B[2K[1B[2K[1B[2K[1B[2K[1B[2K[1B[2K[1B[2K[1B[2K[1B[2K[1B[2K[1B[2K[1B[2K8[33minferno-1                | [0m	from /usr/local/bundle/gems/connection_pool-2.5.3/lib/connection_pool.rb:109:in `block in with'
[0G7[1B[2K[1B[2K[1B[2K[1B[2K[1B[2K[1B[2K[1B[2K[1B[2K[1B[2K[1B[2K[1B[2K[1B[2K[1B[2K[1B[2K[1B[2K[1B[2K[1B[2K[1B[2K[1B[2K[1B[2K[1B[2K[1B[2K[1B[2K[1B[2K[1B[2K[1B[2K8[2K
[0G[2K
[0G[2A[0G7[26;0H[2K[1;38;2;0;0;0;48;2;255;255;255mw[0m[2m Enable Watch[0m[0G8[0G7[1B[2K[1B[2K[1B[2K[1B[2K[1B[2K[1B[2K[1B[2K[1B[2K[1B[2K[1B[2K[1B[2K[1B[2K[1B[2K[1B[2K[1B[2K[1B[2K[1B[2K[1B[2K[1B[2K[1B[2K[1B[2K[1B[2K[1B[2K[1B[2K[1B[2K[1B[2K8[33minferno-1                | [0m	from /usr/local/bundle/gems/connection_pool-2.5.3/lib/connection_pool.rb:106:in `handle_interrupt'
[0G7[1B[2K[1B[2K[1B[2K[1B[2K[1B[2K[1B[2K[1B[2K[1B[2K[1B[2K[1B[2K[1B[2K[1B[2K[1B[2K[1B[2K[1B[2K[1B[2K[1B[2K[1B[2K[1B[2K[1B[2K[1B[2K[1B[2K[1B[2K[1B[2K[1B[2K[1B[2K8[2K
[0G[2K
[0G[2A[0G7[26;0H[2K[1;38;2;0;0;0;48;2;255;255;255mw[0m[2m Enable Watch[0m[0G8[0G7[1B[2K[1B[2K[1B[2K[1B[2K[1B[2K[1B[2K[1B[2K[1B[2K[1B[2K[1B[2K[1B[2K[1B[2K[1B[2K[1B[2K[1B[2K[1B[2K[1B[2K[1B[2K[1B[2K[1B[2K[1B[2K[1B[2K[1B[2K[1B[2K[1B[2K[1B[2K8[33minferno-1                | [0m	from /usr/local/bundle/gems/connection_pool-2.5.3/lib/connection_pool.rb:106:in `with'
[0G7[1B[2K[1B[2K[1B[2K[1B[2K[1B[2K[1B[2K[1B[2K[1B[2K[1B[2K[1B[2K[1B[2K[1B[2K[1B[2K[1B[2K[1B[2K[1B[2K[1B[2K[1B[2K[1B[2K[1B[2K[1B[2K[1B[2K[1B[2K[1B[2K[1B[2K[1B[2K8[2K
[0G[2K
[0G[2A[0G7[26;0H[2K[1;38;2;0;0;0;48;2;255;255;255mw[0m[2m Enable Watch[0m[0G8[0G7[1B[2K[1B[2K[1B[2K[1B[2K[1B[2K[1B[2K[1B[2K[1B[2K[1B[2K[1B[2K[1B[2K[1B[2K[1B[2K[1B[2K[1B[2K[1B[2K[1B[2K[1B[2K[1B[2K[1B[2K[1B[2K[1B[2K[1B[2K[1B[2K[1B[2K[1B[2K8[33minferno-1                | [0m	from /usr/local/bundle/gems/sidekiq-7.2.4/lib/sidekiq/client.rb:225:in `raw_push'
[0G7[1B[2K[1B[2K[1B[2K[1B[2K[1B[2K[1B[2K[1B[2K[1B[2K[1B[2K[1B[2K[1B[2K[1B[2K[1B[2K[1B[2K[1B[2K[1B[2K[1B[2K[1B[2K[1B[2K[1B[2K[1B[2K[1B[2K[1B[2K[1B[2K[1B[2K[1B[2K8[2K
[0G[2K
[0G[2A[0G7[26;0H[2K[1;38;2;0;0;0;48;2;255;255;255mw[0m[2m Enable Watch[0m[0G8[0G7[1B[2K[1B[2K[1B[2K[1B[2K[1B[2K[1B[2K[1B[2K[1B[2K[1B[2K[1B[2K[1B[2K[1B[2K[1B[2K[1B[2K[1B[2K[1B[2K[1B[2K[1B[2K[1B[2K[1B[2K[1B[2K[1B[2K[1B[2K[1B[2K[1B[2K[1B[2K8[33minferno-1                | [0m	from /usr/local/bundle/gems/sidekiq-7.2.4/lib/sidekiq/client.rb:93:in `push'
[0G7[1B[2K[1B[2K[1B[2K[1B[2K[1B[2K[1B[2K[1B[2K[1B[2K[1B[2K[1B[2K[1B[2K[1B[2K[1B[2K[1B[2K[1B[2K[1B[2K[1B[2K[1B[2K[1B[2K[1B[2K[1B[2K[1B[2K[1B[2K[1B[2K[1B[2K[1B[2K8[2K
[0G[2K
[0G[2A[0G7[26;0H[2K[1;38;2;0;0;0;48;2;255;255;255mw[0m[2m Enable Watch[0m[0G8[0G7[1B[2K[1B[2K[1B[2K[1B[2K[1B[2K[1B[2K[1B[2K[1B[2K[1B[2K[1B[2K[1B[2K[1B[2K[1B[2K[1B[2K[1B[2K[1B[2K[1B[2K[1B[2K[1B[2K[1B[2K[1B[2K[1B[2K[1B[2K[1B[2K[1B[2K[1B[2K8[33minferno-1                | [0m	from /usr/local/bundle/gems/sidekiq-7.2.4/lib/sidekiq/job.rb:361:in `client_push'
[0G7[1B[2K[1B[2K[1B[2K[1B[2K[1B[2K[1B[2K[1B[2K[1B[2K[1B[2K[1B[2K[1B[2K[1B[2K[1B[2K[1B[2K[1B[2K[1B[2K[1B[2K[1B[2K[1B[2K[1B[2K[1B[2K[1B[2K[1B[2K[1B[2K[1B[2K[1B[2K8[2K
[0G[2K
[0G[2A[0G7[26;0H[2K[1;38;2;0;0;0;48;2;255;255;255mw[0m[2m Enable Watch[0m[0G8[0G7[1B[2K[1B[2K[1B[2K[1B[2K[1B[2K[1B[2K[1B[2K[1B[2K[1B[2K[1B[2K[1B[2K[1B[2K[1B[2K[1B[2K[1B[2K[1B[2K[1B[2K[1B[2K[1B[2K[1B[2K[1B[2K[1B[2K[1B[2K[1B[2K[1B[2K[1B[2K8[33minferno-1                | [0m	from /usr/local/bundle/gems/sidekiq-7.2.4/lib/sidekiq/job.rb:198:in `perform_async'
[0G7[1B[2K[1B[2K[1B[2K[1B[2K[1B[2K[1B[2K[1B[2K[1B[2K[1B[2K[1B[2K[1B[2K[1B[2K[1B[2K[1B[2K[1B[2K[1B[2K[1B[2K[1B[2K[1B[2K[1B[2K[1B[2K[1B[2K[1B[2K[1B[2K[1B[2K[1B[2K8[2K
[0G[2K
[0G[2A[0G7[26;0H[2K[1;38;2;0;0;0;48;2;255;255;255mw[0m[2m Enable Watch[0m[0G8[0G7[1B[2K[1B[2K[1B[2K[1B[2K[1B[2K[1B[2K[1B[2K[1B[2K[1B[2K[1B[2K[1B[2K[1B[2K[1B[2K[1B[2K[1B[2K[1B[2K[1B[2K[1B[2K[1B[2K[1B[2K[1B[2K[1B[2K[1B[2K[1B[2K[1B[2K[1B[2K8[33minferno-1                | [0m	from /usr/local/bundle/gems/sidekiq-7.2.4/lib/sidekiq/job.rb:286:in `perform_async'
[0G7[1B[2K[1B[2K[1B[2K[1B[2K[1B[2K[1B[2K[1B[2K[1B[2K[1B[2K[1B[2K[1B[2K[1B[2K[1B[2K[1B[2K[1B[2K[1B[2K[1B[2K[1B[2K[1B[2K[1B[2K[1B[2K[1B[2K[1B[2K[1B[2K[1B[2K[1B[2K8[2K
[0G[2K
[0G[2A[0G7[26;0H[2K[1;38;2;0;0;0;48;2;255;255;255mw[0m[2m Enable Watch[0m[0G8[0G7[1B[2K[1B[2K[1B[2K[1B[2K[1B[2K[1B[2K[1B[2K[1B[2K[1B[2K[1B[2K[1B[2K[1B[2K[1B[2K[1B[2K[1B[2K[1B[2K[1B[2K[1B[2K[1B[2K[1B[2K[1B[2K[1B[2K[1B[2K[1B[2K[1B[2K[1B[2K8[33minferno-1                | [0m	from /usr/local/bundle/gems/inferno_core-1.0.3/lib/inferno/jobs.rb:13:in `perform'
[0G7[1B[2K[1B[2K[1B[2K[1B[2K[1B[2K[1B[2K[1B[2K[1B[2K[1B[2K[1B[2K[1B[2K[1B[2K[1B[2K[1B[2K[1B[2K[1B[2K[1B[2K[1B[2K[1B[2K[1B[2K[1B[2K[1B[2K[1B[2K[1B[2K[1B[2K[1B[2K8[2K
[0G[2K
[0G[2A[0G7[26;0H[2K[1;38;2;0;0;0;48;2;255;255;255mw[0m[2m Enable Watch[0m[0G8[0G7[1B[2K[1B[2K[1B[2K[1B[2K[1B[2K[1B[2K[1B[2K[1B[2K[1B[2K[1B[2K[1B[2K[1B[2K[1B[2K[1B[2K[1B[2K[1B[2K[1B[2K[1B[2K[1B[2K[1B[2K[1B[2K[1B[2K[1B[2K[1B[2K[1B[2K[1B[2K8[33minferno-1                | [0m	from /usr/local/bundle/gems/inferno_core-1.0.3/lib/inferno/config/boot/validator.rb:18:in `block (5 levels) in <top (required)>'
[0G7[1B[2K[1B[2K[1B[2K[1B[2K[1B[2K[1B[2K[1B[2K[1B[2K[1B[2K[1B[2K[1B[2K[1B[2K[1B[2K[1B[2K[1B[2K[1B[2K[1B[2K[1B[2K[1B[2K[1B[2K[1B[2K[1B[2K[1B[2K[1B[2K[1B[2K[1B[2K8[2K
[0G[2K
[0G[2A[0G7[26;0H[2K[1;38;2;0;0;0;48;2;255;255;255mw[0m[2m Enable Watch[0m[0G8[0G7[1B[2K[1B[2K[1B[2K[1B[2K[1B[2K[1B[2K[1B[2K[1B[2K[1B[2K[1B[2K[1B[2K[1B[2K[1B[2K[1B[2K[1B[2K[1B[2K[1B[2K[1B[2K[1B[2K[1B[2K[1B[2K[1B[2K[1B[2K[1B[2K[1B[2K[1B[2K8[33minferno-1                | [0m	from /usr/local/bundle/gems/inferno_core-1.0.3/lib/inferno/config/boot/validator.rb:16:in `each'
[0G7[1B[2K[1B[2K[1B[2K[1B[2K[1B[2K[1B[2K[1B[2K[1B[2K[1B[2K[1B[2K[1B[2K[1B[2K[1B[2K[1B[2K[1B[2K[1B[2K[1B[2K[1B[2K[1B[2K[1B[2K[1B[2K[1B[2K[1B[2K[1B[2K[1B[2K[1B[2K8[2K
[0G[2K
[0G[2A[0G7[26;0H[2K[1;38;2;0;0;0;48;2;255;255;255mw[0m[2m Enable Watch[0m[0G8[0G7[1B[2K[1B[2K[1B[2K[1B[2K[1B[2K[1B[2K[1B[2K[1B[2K[1B[2K[1B[2K[1B[2K[1B[2K[1B[2K[1B[2K[1B[2K[1B[2K[1B[2K[1B[2K[1B[2K[1B[2K[1B[2K[1B[2K[1B[2K[1B[2K[1B[2K[1B[2K8[33minferno-1                | [0m	from /usr/local/bundle/gems/inferno_core-1.0.3/lib/inferno/config/boot/validator.rb:16:in `each_with_index'
[0G7[1B[2K[1B[2K[1B[2K[1B[2K[1B[2K[1B[2K[1B[2K[1B[2K[1B[2K[1B[2K[1B[2K[1B[2K[1B[2K[1B[2K[1B[2K[1B[2K[1B[2K[1B[2K[1B[2K[1B[2K[1B[2K[1B[2K[1B[2K[1B[2K[1B[2K[1B[2K8[2K
[0G[2K
[0G[2A[0G7[26;0H[2K[1;38;2;0;0;0;48;2;255;255;255mw[0m[2m Enable Watch[0m[0G8[0G7[1B[2K[1B[2K[1B[2K[1B[2K[1B[2K[1B[2K[1B[2K[1B[2K[1B[2K[1B[2K[1B[2K[1B[2K[1B[2K[1B[2K[1B[2K[1B[2K[1B[2K[1B[2K[1B[2K[1B[2K[1B[2K[1B[2K[1B[2K[1B[2K[1B[2K[1B[2K8[33minferno-1                | [0m	from /usr/local/bundle/gems/inferno_core-1.0.3/lib/inferno/config/boot/validator.rb:16:in `block (4 levels) in <top (required)>'
[0G7[1B[2K[1B[2K[1B[2K[1B[2K[1B[2K[1B[2K[1B[2K[1B[2K[1B[2K[1B[2K[1B[2K[1B[2K[1B[2K[1B[2K[1B[2K[1B[2K[1B[2K[1B[2K[1B[2K[1B[2K[1B[2K[1B[2K[1B[2K[1B[2K[1B[2K[1B[2K8[2K
[0G[2K
[0G[2A[0G7[26;0H[2K[1;38;2;0;0;0;48;2;255;255;255mw[0m[2m Enable Watch[0m[0G8[0G7[1B[2K[1B[2K[1B[2K[1B[2K[1B[2K[1B[2K[1B[2K[1B[2K[1B[2K[1B[2K[1B[2K[1B[2K[1B[2K[1B[2K[1B[2K[1B[2K[1B[2K[1B[2K[1B[2K[1B[2K[1B[2K[1B[2K[1B[2K[1B[2K[1B[2K[1B[2K8[33minferno-1                | [0m	from /usr/local/bundle/gems/inferno_core-1.0.3/lib/inferno/config/boot/validator.rb:15:in `each'
[0G7[1B[2K[1B[2K[1B[2K[1B[2K[1B[2K[1B[2K[1B[2K[1B[2K[1B[2K[1B[2K[1B[2K[1B[2K[1B[2K[1B[2K[1B[2K[1B[2K[1B[2K[1B[2K[1B[2K[1B[2K[1B[2K[1B[2K[1B[2K[1B[2K[1B[2K[1B[2K8[2K
[0G[2K
[0G[2A[0G7[26;0H[2K[1;38;2;0;0;0;48;2;255;255;255mw[0m[2m Enable Watch[0m[0G8[0G7[1B[2K[1B[2K[1B[2K[1B[2K[1B[2K[1B[2K[1B[2K[1B[2K[1B[2K[1B[2K[1B[2K[1B[2K[1B[2K[1B[2K[1B[2K[1B[2K[1B[2K[1B[2K[1B[2K[1B[2K[1B[2K[1B[2K[1B[2K[1B[2K[1B[2K[1B[2K8[33minferno-1                | [0m	from /usr/local/bundle/gems/inferno_core-1.0.3/lib/inferno/config/boot/validator.rb:15:in `block (3 levels) in <top (required)>'
[0G7[1B[2K[1B[2K[1B[2K[1B[2K[1B[2K[1B[2K[1B[2K[1B[2K[1B[2K[1B[2K[1B[2K[1B[2K[1B[2K[1B[2K[1B[2K[1B[2K[1B[2K[1B[2K[1B[2K[1B[2K[1B[2K[1B[2K[1B[2K[1B[2K[1B[2K[1B[2K8[2K
[0G[2K
[0G[2A[0G7[26;0H[2K[1;38;2;0;0;0;48;2;255;255;255mw[0m[2m Enable Watch[0m[0G8[0G7[1B[2K[1B[2K[1B[2K[1B[2K[1B[2K[1B[2K[1B[2K[1B[2K[1B[2K[1B[2K[1B[2K[1B[2K[1B[2K[1B[2K[1B[2K[1B[2K[1B[2K[1B[2K[1B[2K[1B[2K[1B[2K[1B[2K[1B[2K[1B[2K[1B[2K[1B[2K8[33minferno-1                | [0m	from /usr/local/bundle/gems/inferno_core-1.0.3/lib/inferno/config/boot/validator.rb:14:in `each'
[0G7[1B[2K[1B[2K[1B[2K[1B[2K[1B[2K[1B[2K[1B[2K[1B[2K[1B[2K[1B[2K[1B[2K[1B[2K[1B[2K[1B[2K[1B[2K[1B[2K[1B[2K[1B[2K[1B[2K[1B[2K[1B[2K[1B[2K[1B[2K[1B[2K[1B[2K[1B[2K8[2K
[0G[2K
[0G[2A[0G7[26;0H[2K[1;38;2;0;0;0;48;2;255;255;255mw[0m[2m Enable Watch[0m[0G8[0G7[1B[2K[1B[2K[1B[2K[1B[2K[1B[2K[1B[2K[1B[2K[1B[2K[1B[2K[1B[2K[1B[2K[1B[2K[1B[2K[1B[2K[1B[2K[1B[2K[1B[2K[1B[2K[1B[2K[1B[2K[1B[2K[1B[2K[1B[2K[1B[2K[1B[2K[1B[2K8[33minferno-1                | [0m	from /usr/local/bundle/gems/inferno_core-1.0.3/lib/inferno/config/boot/validator.rb:14:in `block (2 levels) in <top (required)>'
[0G7[1B[2K[1B[2K[1B[2K[1B[2K[1B[2K[1B[2K[1B[2K[1B[2K[1B[2K[1B[2K[1B[2K[1B[2K[1B[2K[1B[2K[1B[2K[1B[2K[1B[2K[1B[2K[1B[2K[1B[2K[1B[2K[1B[2K[1B[2K[1B[2K[1B[2K[1B[2K8[2K
[0G[2K
[0G[2A[0G7[26;0H[2K[1;38;2;0;0;0;48;2;255;255;255mw[0m[2m Enable Watch[0m[0G8[0G7[1B[2K[1B[2K[1B[2K[1B[2K[1B[2K[1B[2K[1B[2K[1B[2K[1B[2K[1B[2K[1B[2K[1B[2K[1B[2K[1B[2K[1B[2K[1B[2K[1B[2K[1B[2K[1B[2K[1B[2K[1B[2K[1B[2K[1B[2K[1B[2K[1B[2K[1B[2K8[33minferno-1                | [0m	from /usr/local/bundle/gems/dry-system-1.0.0/lib/dry/system/provider.rb:231:in `public_send'
[0G7[1B[2K[1B[2K[1B[2K[1B[2K[1B[2K[1B[2K[1B[2K[1B[2K[1B[2K[1B[2K[1B[2K[1B[2K[1B[2K[1B[2K[1B[2K[1B[2K[1B[2K[1B[2K[1B[2K[1B[2K[1B[2K[1B[2K[1B[2K[1B[2K[1B[2K[1B[2K8[2K
[0G[2K
[0G[2A[0G7[26;0H[2K[1;38;2;0;0;0;48;2;255;255;255mw[0m[2m Enable Watch[0m[0G8[0G7[1B[2K[1B[2K[1B[2K[1B[2K[1B[2K[1B[2K[1B[2K[1B[2K[1B[2K[1B[2K[1B[2K[1B[2K[1B[2K[1B[2K[1B[2K[1B[2K[1B[2K[1B[2K[1B[2K[1B[2K[1B[2K[1B[2K[1B[2K[1B[2K[1B[2K[1B[2K8[33minferno-1                | [0m	from /usr/local/bundle/gems/dry-system-1.0.0/lib/dry/system/provider.rb:231:in `run_step'
[0G7[1B[2K[1B[2K[1B[2K[1B[2K[1B[2K[1B[2K[1B[2K[1B[2K[1B[2K[1B[2K[1B[2K[1B[2K[1B[2K[1B[2K[1B[2K[1B[2K[1B[2K[1B[2K[1B[2K[1B[2K[1B[2K[1B[2K[1B[2K[1B[2K[1B[2K[1B[2K8[2K
[0G[2K
[0G[2A[0G7[26;0H[2K[1;38;2;0;0;0;48;2;255;255;255mw[0m[2m Enable Watch[0m[0G8[0G7[1B[2K[1B[2K[1B[2K[1B[2K[1B[2K[1B[2K[1B[2K[1B[2K[1B[2K[1B[2K[1B[2K[1B[2K[1B[2K[1B[2K[1B[2K[1B[2K[1B[2K[1B[2K[1B[2K[1B[2K[1B[2K[1B[2K[1B[2K[1B[2K[1B[2K[1B[2K8[33minferno-1                | [0m	from /usr/local/bundle/gems/dry-system-1.0.0/lib/dry/system/provider.rb:167:in `start'
[0G7[1B[2K[1B[2K[1B[2K[1B[2K[1B[2K[1B[2K[1B[2K[1B[2K[1B[2K[1B[2K[1B[2K[1B[2K[1B[2K[1B[2K[1B[2K[1B[2K[1B[2K[1B[2K[1B[2K[1B[2K[1B[2K[1B[2K[1B[2K[1B[2K[1B[2K[1B[2K8[2K
[0G[2K
[0G[2A[0G7[26;0H[2K[1;38;2;0;0;0;48;2;255;255;255mw[0m[2m Enable Watch[0m[0G8[0G7[1B[2K[1B[2K[1B[2K[1B[2K[1B[2K[1B[2K[1B[2K[1B[2K[1B[2K[1B[2K[1B[2K[1B[2K[1B[2K[1B[2K[1B[2K[1B[2K[1B[2K[1B[2K[1B[2K[1B[2K[1B[2K[1B[2K[1B[2K[1B[2K[1B[2K[1B[2K8[33minferno-1                | [0m	from /usr/local/bundle/gems/dry-system-1.0.0/lib/dry/system/provider_registrar.rb:146:in `each_value'
[0G7[1B[2K[1B[2K[1B[2K[1B[2K[1B[2K[1B[2K[1B[2K[1B[2K[1B[2K[1B[2K[1B[2K[1B[2K[1B[2K[1B[2K[1B[2K[1B[2K[1B[2K[1B[2K[1B[2K[1B[2K[1B[2K[1B[2K[1B[2K[1B[2K[1B[2K[1B[2K8[2K
[0G[2K
[0G[2A[0G7[26;0H[2K[1;38;2;0;0;0;48;2;255;255;255mw[0m[2m Enable Watch[0m[0G8[0G7[1B[2K[1B[2K[1B[2K[1B[2K[1B[2K[1B[2K[1B[2K[1B[2K[1B[2K[1B[2K[1B[2K[1B[2K[1B[2K[1B[2K[1B[2K[1B[2K[1B[2K[1B[2K[1B[2K[1B[2K[1B[2K[1B[2K[1B[2K[1B[2K[1B[2K[1B[2K8[33minferno-1                | [0m	from /usr/local/bundle/gems/dry-system-1.0.0/lib/dry/system/provider_registrar.rb:146:in `finalize!'
[0G7[1B[2K[1B[2K[1B[2K[1B[2K[1B[2K[1B[2K[1B[2K[1B[2K[1B[2K[1B[2K[1B[2K[1B[2K[1B[2K[1B[2K[1B[2K[1B[2K[1B[2K[1B[2K[1B[2K[1B[2K[1B[2K[1B[2K[1B[2K[1B[2K[1B[2K[1B[2K8[2K
[0G[2K
[0G[2A[0G7[26;0H[2K[1;38;2;0;0;0;48;2;255;255;255mw[0m[2m Enable Watch[0m[0G8[0G7[1B[2K[1B[2K[1B[2K[1B[2K[1B[2K[1B[2K[1B[2K[1B[2K[1B[2K[1B[2K[1B[2K[1B[2K[1B[2K[1B[2K[1B[2K[1B[2K[1B[2K[1B[2K[1B[2K[1B[2K[1B[2K[1B[2K[1B[2K[1B[2K[1B[2K[1B[2K8[33minferno-1                | [0m	from /usr/local/bundle/gems/dry-system-1.0.0/lib/dry/system/container.rb:325:in `finalize!'
[0G7[1B[2K[1B[2K[1B[2K[1B[2K[1B[2K[1B[2K[1B[2K[1B[2K[1B[2K[1B[2K[1B[2K[1B[2K[1B[2K[1B[2K[1B[2K[1B[2K[1B[2K[1B[2K[1B[2K[1B[2K[1B[2K[1B[2K[1B[2K[1B[2K[1B[2K[1B[2K8[2K
[0G[2K
[0G[2A[0G7[26;0H[2K[1;38;2;0;0;0;48;2;255;255;255mw[0m[2m Enable Watch[0m[0G8[0G7[1B[2K[1B[2K[1B[2K[1B[2K[1B[2K[1B[2K[1B[2K[1B[2K[1B[2K[1B[2K[1B[2K[1B[2K[1B[2K[1B[2K[1B[2K[1B[2K[1B[2K[1B[2K[1B[2K[1B[2K[1B[2K[1B[2K[1B[2K[1B[2K[1B[2K[1B[2K8[33minferno-1                | [0m	from config.ru:7:in `block in <main>'
[0G7[1B[2K[1B[2K[1B[2K[1B[2K[1B[2K[1B[2K[1B[2K[1B[2K[1B[2K[1B[2K[1B[2K[1B[2K[1B[2K[1B[2K[1B[2K[1B[2K[1B[2K[1B[2K[1B[2K[1B[2K[1B[2K[1B[2K[1B[2K[1B[2K[1B[2K[1B[2K8[2K
[0G[2K
[0G[2A[0G7[26;0H[2K[1;38;2;0;0;0;48;2;255;255;255mw[0m[2m Enable Watch[0m[0G8[0G7[1B[2K[1B[2K[1B[2K[1B[2K[1B[2K[1B[2K[1B[2K[1B[2K[1B[2K[1B[2K[1B[2K[1B[2K[1B[2K[1B[2K[1B[2K[1B[2K[1B[2K[1B[2K[1B[2K[1B[2K[1B[2K[1B[2K[1B[2K[1B[2K[1B[2K[1B[2K8[33minferno-1                | [0m	from /usr/local/bundle/gems/rack-2.2.17/lib/rack/builder.rb:116:in `eval'
[0G7[1B[2K[1B[2K[1B[2K[1B[2K[1B[2K[1B[2K[1B[2K[1B[2K[1B[2K[1B[2K[1B[2K[1B[2K[1B[2K[1B[2K[1B[2K[1B[2K[1B[2K[1B[2K[1B[2K[1B[2K[1B[2K[1B[2K[1B[2K[1B[2K[1B[2K[1B[2K8[2K
[0G[2K
[0G[2A[0G7[26;0H[2K[1;38;2;0;0;0;48;2;255;255;255mw[0m[2m Enable Watch[0m[0G8[0G7[1B[2K[1B[2K[1B[2K[1B[2K[1B[2K[1B[2K[1B[2K[1B[2K[1B[2K[1B[2K[1B[2K[1B[2K[1B[2K[1B[2K[1B[2K[1B[2K[1B[2K[1B[2K[1B[2K[1B[2K[1B[2K[1B[2K[1B[2K[1B[2K[1B[2K[1B[2K8[33minferno-1                | [0m	from /usr/local/bundle/gems/rack-2.2.17/lib/rack/builder.rb:116:in `new_from_string'
[0G7[1B[2K[1B[2K[1B[2K[1B[2K[1B[2K[1B[2K[1B[2K[1B[2K[1B[2K[1B[2K[1B[2K[1B[2K[1B[2K[1B[2K[1B[2K[1B[2K[1B[2K[1B[2K[1B[2K[1B[2K[1B[2K[1B[2K[1B[2K[1B[2K[1B[2K[1B[2K8[2K
[0G[2K
[0G[2A[0G7[26;0H[2K[1;38;2;0;0;0;48;2;255;255;255mw[0m[2m Enable Watch[0m[0G8[0G7[1B[2K[1B[2K[1B[2K[1B[2K[1B[2K[1B[2K[1B[2K[1B[2K[1B[2K[1B[2K[1B[2K[1B[2K[1B[2K[1B[2K[1B[2K[1B[2K[1B[2K[1B[2K[1B[2K[1B[2K[1B[2K[1B[2K[1B[2K[1B[2K[1B[2K[1B[2K8[33minferno-1                | [0m	from /usr/local/bundle/gems/rack-2.2.17/lib/rack/builder.rb:105:in `load_file'
[0G7[1B[2K[1B[2K[1B[2K[1B[2K[1B[2K[1B[2K[1B[2K[1B[2K[1B[2K[1B[2K[1B[2K[1B[2K[1B[2K[1B[2K[1B[2K[1B[2K[1B[2K[1B[2K[1B[2K[1B[2K[1B[2K[1B[2K[1B[2K[1B[2K[1B[2K[1B[2K8[2K
[0G[2K
[0G[2A[0G7[26;0H[2K[1;38;2;0;0;0;48;2;255;255;255mw[0m[2m Enable Watch[0m[0G8[0G7[1B[2K[1B[2K[1B[2K[1B[2K[1B[2K[1B[2K[1B[2K[1B[2K[1B[2K[1B[2K[1B[2K[1B[2K[1B[2K[1B[2K[1B[2K[1B[2K[1B[2K[1B[2K[1B[2K[1B[2K[1B[2K[1B[2K[1B[2K[1B[2K[1B[2K[1B[2K8[33minferno-1                | [0m	from /usr/local/bundle/gems/rack-2.2.17/lib/rack/builder.rb:66:in `parse_file'
[0G7[1B[2K[1B[2K[1B[2K[1B[2K[1B[2K[1B[2K[1B[2K[1B[2K[1B[2K[1B[2K[1B[2K[1B[2K[1B[2K[1B[2K[1B[2K[1B[2K[1B[2K[1B[2K[1B[2K[1B[2K[1B[2K[1B[2K[1B[2K[1B[2K[1B[2K[1B[2K8[2K
[0G[2K
[0G[2A[0G7[26;0H[2K[1;38;2;0;0;0;48;2;255;255;255mw[0m[2m Enable Watch[0m[0G8[0G7[1B[2K[1B[2K[1B[2K[1B[2K[1B[2K[1B[2K[1B[2K[1B[2K[1B[2K[1B[2K[1B[2K[1B[2K[1B[2K[1B[2K[1B[2K[1B[2K[1B[2K[1B[2K[1B[2K[1B[2K[1B[2K[1B[2K[1B[2K[1B[2K[1B[2K[1B[2K8[33minferno-1                | [0m	from /usr/local/bundle/gems/puma-5.6.9/lib/puma/configuration.rb:348:in `load_rackup'
[0G7[1B[2K[1B[2K[1B[2K[1B[2K[1B[2K[1B[2K[1B[2K[1B[2K[1B[2K[1B[2K[1B[2K[1B[2K[1B[2K[1B[2K[1B[2K[1B[2K[1B[2K[1B[2K[1B[2K[1B[2K[1B[2K[1B[2K[1B[2K[1B[2K[1B[2K[1B[2K8[2K
[0G[2K
[0G[2A[0G7[26;0H[2K[1;38;2;0;0;0;48;2;255;255;255mw[0m[2m Enable Watch[0m[0G8[0G7[1B[2K[1B[2K[1B[2K[1B[2K[1B[2K[1B[2K[1B[2K[1B[2K[1B[2K[1B[2K[1B[2K[1B[2K[1B[2K[1B[2K[1B[2K[1B[2K[1B[2K[1B[2K[1B[2K[1B[2K[1B[2K[1B[2K[1B[2K[1B[2K[1B[2K[1B[2K8[33minferno-1                | [0m	from /usr/local/bundle/gems/puma-5.6.9/lib/puma/configuration.rb:270:in `app'
[0G7[1B[2K[1B[2K[1B[2K[1B[2K[1B[2K[1B[2K[1B[2K[1B[2K[1B[2K[1B[2K[1B[2K[1B[2K[1B[2K[1B[2K[1B[2K[1B[2K[1B[2K[1B[2K[1B[2K[1B[2K[1B[2K[1B[2K[1B[2K[1B[2K[1B[2K[1B[2K8[2K
[0G[2K
[0G[2A[0G7[26;0H[2K[1;38;2;0;0;0;48;2;255;255;255mw[0m[2m Enable Watch[0m[0G8[0G7[1B[2K[1B[2K[1B[2K[1B[2K[1B[2K[1B[2K[1B[2K[1B[2K[1B[2K[1B[2K[1B[2K[1B[2K[1B[2K[1B[2K[1B[2K[1B[2K[1B[2K[1B[2K[1B[2K[1B[2K[1B[2K[1B[2K[1B[2K[1B[2K[1B[2K[1B[2K8[33minferno-1                | [0m	from /usr/local/bundle/gems/puma-5.6.9/lib/puma/runner.rb:150:in `load_and_bind'
[0G7[1B[2K[1B[2K[1B[2K[1B[2K[1B[2K[1B[2K[1B[2K[1B[2K[1B[2K[1B[2K[1B[2K[1B[2K[1B[2K[1B[2K[1B[2K[1B[2K[1B[2K[1B[2K[1B[2K[1B[2K[1B[2K[1B[2K[1B[2K[1B[2K[1B[2K[1B[2K8[2K
[0G[2K
[0G[2A[0G7[26;0H[2K[1;38;2;0;0;0;48;2;255;255;255mw[0m[2m Enable Watch[0m[0G8[0G7[1B[2K[1B[2K[1B[2K[1B[2K[1B[2K[1B[2K[1B[2K[1B[2K[1B[2K[1B[2K[1B[2K[1B[2K[1B[2K[1B[2K[1B[2K[1B[2K[1B[2K[1B[2K[1B[2K[1B[2K[1B[2K[1B[2K[1B[2K[1B[2K[1B[2K[1B[2K8[33minferno-1                | [0m	from /usr/local/bundle/gems/puma-5.6.9/lib/puma/single.rb:44:in `run'
[0G7[1B[2K[1B[2K[1B[2K[1B[2K[1B[2K[1B[2K[1B[2K[1B[2K[1B[2K[1B[2K[1B[2K[1B[2K[1B[2K[1B[2K[1B[2K[1B[2K[1B[2K[1B[2K[1B[2K[1B[2K[1B[2K[1B[2K[1B[2K[1B[2K[1B[2K[1B[2K8[2K
[0G[2K
[0G[2A[0G7[26;0H[2K[1;38;2;0;0;0;48;2;255;255;255mw[0m[2m Enable Watch[0m[0G8[0G7[1B[2K[1B[2K[1B[2K[1B[2K[1B[2K[1B[2K[1B[2K[1B[2K[1B[2K[1B[2K[1B[2K[1B[2K[1B[2K[1B[2K[1B[2K[1B[2K[1B[2K[1B[2K[1B[2K[1B[2K[1B[2K[1B[2K[1B[2K[1B[2K[1B[2K[1B[2K8[33minferno-1                | [0m	from /usr/local/bundle/gems/puma-5.6.9/lib/puma/launcher.rb:193:in `run'
[0G7[1B[2K[1B[2K[1B[2K[1B[2K[1B[2K[1B[2K[1B[2K[1B[2K[1B[2K[1B[2K[1B[2K[1B[2K[1B[2K[1B[2K[1B[2K[1B[2K[1B[2K[1B[2K[1B[2K[1B[2K[1B[2K[1B[2K[1B[2K[1B[2K[1B[2K[1B[2K8[2K
[0G[2K
[0G[2A[0G7[26;0H[2K[1;38;2;0;0;0;48;2;255;255;255mw[0m[2m Enable Watch[0m[0G8[0G7[1B[2K[1B[2K[1B[2K[1B[2K[1B[2K[1B[2K[1B[2K[1B[2K[1B[2K[1B[2K[1B[2K[1B[2K[1B[2K[1B[2K[1B[2K[1B[2K[1B[2K[1B[2K[1B[2K[1B[2K[1B[2K[1B[2K[1B[2K[1B[2K[1B[2K[1B[2K8[33minferno-1                | [0m	from /usr/local/bundle/gems/puma-5.6.9/lib/puma/cli.rb:81:in `run'
[0G7[1B[2K[1B[2K[1B[2K[1B[2K[1B[2K[1B[2K[1B[2K[1B[2K[1B[2K[1B[2K[1B[2K[1B[2K[1B[2K[1B[2K[1B[2K[1B[2K[1B[2K[1B[2K[1B[2K[1B[2K[1B[2K[1B[2K[1B[2K[1B[2K[1B[2K[1B[2K8[2K
[0G[2K
[0G[2A[0G7[26;0H[2K[1;38;2;0;0;0;48;2;255;255;255mw[0m[2m Enable Watch[0m[0G8[0G7[1B[2K[1B[2K[1B[2K[1B[2K[1B[2K[1B[2K[1B[2K[1B[2K[1B[2K[1B[2K[1B[2K[1B[2K[1B[2K[1B[2K[1B[2K[1B[2K[1B[2K[1B[2K[1B[2K[1B[2K[1B[2K[1B[2K[1B[2K[1B[2K[1B[2K[1B[2K8[33minferno-1                | [0m	from /usr/local/bundle/gems/puma-5.6.9/bin/puma:10:in `<top (required)>'
[0G7[1B[2K[1B[2K[1B[2K[1B[2K[1B[2K[1B[2K[1B[2K[1B[2K[1B[2K[1B[2K[1B[2K[1B[2K[1B[2K[1B[2K[1B[2K[1B[2K[1B[2K[1B[2K[1B[2K[1B[2K[1B[2K[1B[2K[1B[2K[1B[2K[1B[2K[1B[2K8[2K
[0G[2K
[0G[2A[0G7[26;0H[2K[1;38;2;0;0;0;48;2;255;255;255mw[0m[2m Enable Watch[0m[0G8[0G7[1B[2K[1B[2K[1B[2K[1B[2K[1B[2K[1B[2K[1B[2K[1B[2K[1B[2K[1B[2K[1B[2K[1B[2K[1B[2K[1B[2K[1B[2K[1B[2K[1B[2K[1B[2K[1B[2K[1B[2K[1B[2K[1B[2K[1B[2K[1B[2K[1B[2K[1B[2K8[33minferno-1                | [0m	from /usr/local/lib/ruby/site_ruby/3.3.0/rubygems.rb:319:in `load'
[0G7[1B[2K[1B[2K[1B[2K[1B[2K[1B[2K[1B[2K[1B[2K[1B[2K[1B[2K[1B[2K[1B[2K[1B[2K[1B[2K[1B[2K[1B[2K[1B[2K[1B[2K[1B[2K[1B[2K[1B[2K[1B[2K[1B[2K[1B[2K[1B[2K[1B[2K[1B[2K8[2K
[0G[2K
[0G[2A[0G7[26;0H[2K[1;38;2;0;0;0;48;2;255;255;255mw[0m[2m Enable Watch[0m[0G8[0G7[1B[2K[1B[2K[1B[2K[1B[2K[1B[2K[1B[2K[1B[2K[1B[2K[1B[2K[1B[2K[1B[2K[1B[2K[1B[2K[1B[2K[1B[2K[1B[2K[1B[2K[1B[2K[1B[2K[1B[2K[1B[2K[1B[2K[1B[2K[1B[2K[1B[2K[1B[2K8[33minferno-1                | [0m	from /usr/local/lib/ruby/site_ruby/3.3.0/rubygems.rb:319:in `activate_and_load_bin_path'
[0G7[1B[2K[1B[2K[1B[2K[1B[2K[1B[2K[1B[2K[1B[2K[1B[2K[1B[2K[1B[2K[1B[2K[1B[2K[1B[2K[1B[2K[1B[2K[1B[2K[1B[2K[1B[2K[1B[2K[1B[2K[1B[2K[1B[2K[1B[2K[1B[2K[1B[2K[1B[2K8[2K
[0G[2K
[0G[2A[0G7[26;0H[2K[1;38;2;0;0;0;48;2;255;255;255mw[0m[2m Enable Watch[0m[0G8[0G7[1B[2K[1B[2K[1B[2K[1B[2K[1B[2K[1B[2K[1B[2K[1B[2K[1B[2K[1B[2K[1B[2K[1B[2K[1B[2K[1B[2K[1B[2K[1B[2K[1B[2K[1B[2K[1B[2K[1B[2K[1B[2K[1B[2K[1B[2K[1B[2K[1B[2K[1B[2K8[33minferno-1                | [0m	from /usr/local/bundle/bin/puma:25:in `<top (required)>'
[0G7[1B[2K[1B[2K[1B[2K[1B[2K[1B[2K[1B[2K[1B[2K[1B[2K[1B[2K[1B[2K[1B[2K[1B[2K[1B[2K[1B[2K[1B[2K[1B[2K[1B[2K[1B[2K[1B[2K[1B[2K[1B[2K[1B[2K[1B[2K[1B[2K[1B[2K[1B[2K8[2K
[0G[2K
[0G[2A[0G7[26;0H[2K[1;38;2;0;0;0;48;2;255;255;255mw[0m[2m Enable Watch[0m[0G8[0G7[1B[2K[1B[2K[1B[2K[1B[2K[1B[2K[1B[2K[1B[2K[1B[2K[1B[2K[1B[2K[1B[2K[1B[2K[1B[2K[1B[2K[1B[2K[1B[2K[1B[2K[1B[2K[1B[2K[1B[2K[1B[2K[1B[2K[1B[2K[1B[2K[1B[2K[1B[2K8[33minferno-1                | [0m	from /usr/local/bundle/gems/bundler-2.5.22/lib/bundler/cli/exec.rb:58:in `load'
[0G7[1B[2K[1B[2K[1B[2K[1B[2K[1B[2K[1B[2K[1B[2K[1B[2K[1B[2K[1B[2K[1B[2K[1B[2K[1B[2K[1B[2K[1B[2K[1B[2K[1B[2K[1B[2K[1B[2K[1B[2K[1B[2K[1B[2K[1B[2K[1B[2K[1B[2K[1B[2K8[2K
[0G[2K
[0G[2A[0G7[26;0H[2K[1;38;2;0;0;0;48;2;255;255;255mw[0m[2m Enable Watch[0m[0G8[0G7[1B[2K[1B[2K[1B[2K[1B[2K[1B[2K[1B[2K[1B[2K[1B[2K[1B[2K[1B[2K[1B[2K[1B[2K[1B[2K[1B[2K[1B[2K[1B[2K[1B[2K[1B[2K[1B[2K[1B[2K[1B[2K[1B[2K[1B[2K[1B[2K[1B[2K[1B[2K8[33minferno-1                | [0m	from /usr/local/bundle/gems/bundler-2.5.22/lib/bundler/cli/exec.rb:58:in `kernel_load'
[0G7[1B[2K[1B[2K[1B[2K[1B[2K[1B[2K[1B[2K[1B[2K[1B[2K[1B[2K[1B[2K[1B[2K[1B[2K[1B[2K[1B[2K[1B[2K[1B[2K[1B[2K[1B[2K[1B[2K[1B[2K[1B[2K[1B[2K[1B[2K[1B[2K[1B[2K[1B[2K8[2K
[0G[2K
[0G[2A[0G7[26;0H[2K[1;38;2;0;0;0;48;2;255;255;255mw[0m[2m Enable Watch[0m[0G8[0G7[1B[2K[1B[2K[1B[2K[1B[2K[1B[2K[1B[2K[1B[2K[1B[2K[1B[2K[1B[2K[1B[2K[1B[2K[1B[2K[1B[2K[1B[2K[1B[2K[1B[2K[1B[2K[1B[2K[1B[2K[1B[2K[1B[2K[1B[2K[1B[2K[1B[2K[1B[2K8[33minferno-1                | [0m	from /usr/local/bundle/gems/bundler-2.5.22/lib/bundler/cli/exec.rb:23:in `run'
[0G7[1B[2K[1B[2K[1B[2K[1B[2K[1B[2K[1B[2K[1B[2K[1B[2K[1B[2K[1B[2K[1B[2K[1B[2K[1B[2K[1B[2K[1B[2K[1B[2K[1B[2K[1B[2K[1B[2K[1B[2K[1B[2K[1B[2K[1B[2K[1B[2K[1B[2K[1B[2K8[2K
[0G[2K
[0G[2A[0G7[26;0H[2K[1;38;2;0;0;0;48;2;255;255;255mw[0m[2m Enable Watch[0m[0G8[0G7[1B[2K[1B[2K[1B[2K[1B[2K[1B[2K[1B[2K[1B[2K[1B[2K[1B[2K[1B[2K[1B[2K[1B[2K[1B[2K[1B[2K[1B[2K[1B[2K[1B[2K[1B[2K[1B[2K[1B[2K[1B[2K[1B[2K[1B[2K[1B[2K[1B[2K[1B[2K8[33minferno-1                | [0m	from /usr/local/bundle/gems/bundler-2.5.22/lib/bundler/cli.rb:455:in `exec'
[0G7[1B[2K[1B[2K[1B[2K[1B[2K[1B[2K[1B[2K[1B[2K[1B[2K[1B[2K[1B[2K[1B[2K[1B[2K[1B[2K[1B[2K[1B[2K[1B[2K[1B[2K[1B[2K[1B[2K[1B[2K[1B[2K[1B[2K[1B[2K[1B[2K[1B[2K[1B[2K8[2K
[0G[2K
[0G[2A[0G7[26;0H[2K[1;38;2;0;0;0;48;2;255;255;255mw[0m[2m Enable Watch[0m[0G8[0G7[1B[2K[1B[2K[1B[2K[1B[2K[1B[2K[1B[2K[1B[2K[1B[2K[1B[2K[1B[2K[1B[2K[1B[2K[1B[2K[1B[2K[1B[2K[1B[2K[1B[2K[1B[2K[1B[2K[1B[2K[1B[2K[1B[2K[1B[2K[1B[2K[1B[2K[1B[2K8[33minferno-1                | [0m	from /usr/local/bundle/gems/bundler-2.5.22/lib/bundler/vendor/thor/lib/thor/command.rb:28:in `run'
[0G7[1B[2K[1B[2K[1B[2K[1B[2K[1B[2K[1B[2K[1B[2K[1B[2K[1B[2K[1B[2K[1B[2K[1B[2K[1B[2K[1B[2K[1B[2K[1B[2K[1B[2K[1B[2K[1B[2K[1B[2K[1B[2K[1B[2K[1B[2K[1B[2K[1B[2K[1B[2K8[2K
[0G[2K
[0G[2A[0G7[26;0H[2K[1;38;2;0;0;0;48;2;255;255;255mw[0m[2m Enable Watch[0m[0G8[0G7[1B[2K[1B[2K[1B[2K[1B[2K[1B[2K[1B[2K[1B[2K[1B[2K[1B[2K[1B[2K[1B[2K[1B[2K[1B[2K[1B[2K[1B[2K[1B[2K[1B[2K[1B[2K[1B[2K[1B[2K[1B[2K[1B[2K[1B[2K[1B[2K[1B[2K[1B[2K8[33minferno-1                | [0m	from /usr/local/bundle/gems/bundler-2.5.22/lib/bundler/vendor/thor/lib/thor/invocation.rb:127:in `invoke_command'
[0G7[1B[2K[1B[2K[1B[2K[1B[2K[1B[2K[1B[2K[1B[2K[1B[2K[1B[2K[1B[2K[1B[2K[1B[2K[1B[2K[1B[2K[1B[2K[1B[2K[1B[2K[1B[2K[1B[2K[1B[2K[1B[2K[1B[2K[1B[2K[1B[2K[1B[2K[1B[2K8[2K
[0G[2K
[0G[2A[0G7[26;0H[2K[1;38;2;0;0;0;48;2;255;255;255mw[0m[2m Enable Watch[0m[0G8[0G7[1B[2K[1B[2K[1B[2K[1B[2K[1B[2K[1B[2K[1B[2K[1B[2K[1B[2K[1B[2K[1B[2K[1B[2K[1B[2K[1B[2K[1B[2K[1B[2K[1B[2K[1B[2K[1B[2K[1B[2K[1B[2K[1B[2K[1B[2K[1B[2K[1B[2K[1B[2K8[33minferno-1                | [0m	from /usr/local/bundle/gems/bundler-2.5.22/lib/bundler/vendor/thor/lib/thor.rb:527:in `dispatch'
[0G7[1B[2K[1B[2K[1B[2K[1B[2K[1B[2K[1B[2K[1B[2K[1B[2K[1B[2K[1B[2K[1B[2K[1B[2K[1B[2K[1B[2K[1B[2K[1B[2K[1B[2K[1B[2K[1B[2K[1B[2K[1B[2K[1B[2K[1B[2K[1B[2K[1B[2K[1B[2K8[2K
[0G[2K
[0G[2A[0G7[26;0H[2K[1;38;2;0;0;0;48;2;255;255;255mw[0m[2m Enable Watch[0m[0G8[0G7[1B[2K[1B[2K[1B[2K[1B[2K[1B[2K[1B[2K[1B[2K[1B[2K[1B[2K[1B[2K[1B[2K[1B[2K[1B[2K[1B[2K[1B[2K[1B[2K[1B[2K[1B[2K[1B[2K[1B[2K[1B[2K[1B[2K[1B[2K[1B[2K[1B[2K[1B[2K8[33minferno-1                | [0m	from /usr/local/bundle/gems/bundler-2.5.22/lib/bundler/cli.rb:35:in `dispatch'
[0G7[1B[2K[1B[2K[1B[2K[1B[2K[1B[2K[1B[2K[1B[2K[1B[2K[1B[2K[1B[2K[1B[2K[1B[2K[1B[2K[1B[2K[1B[2K[1B[2K[1B[2K[1B[2K[1B[2K[1B[2K[1B[2K[1B[2K[1B[2K[1B[2K[1B[2K[1B[2K8[2K
[0G[2K
[0G[2A[0G7[26;0H[2K[1;38;2;0;0;0;48;2;255;255;255mw[0m[2m Enable Watch[0m[0G8[0G7[1B[2K[1B[2K[1B[2K[1B[2K[1B[2K[1B[2K[1B[2K[1B[2K[1B[2K[1B[2K[1B[2K[1B[2K[1B[2K[1B[2K[1B[2K[1B[2K[1B[2K[1B[2K[1B[2K[1B[2K[1B[2K[1B[2K[1B[2K[1B[2K[1B[2K[1B[2K8[33minferno-1                | [0m	from /usr/local/bundle/gems/bundler-2.5.22/lib/bundler/vendor/thor/lib/thor/base.rb:584:in `start'
[0G7[1B[2K[1B[2K[1B[2K[1B[2K[1B[2K[1B[2K[1B[2K[1B[2K[1B[2K[1B[2K[1B[2K[1B[2K[1B[2K[1B[2K[1B[2K[1B[2K[1B[2K[1B[2K[1B[2K[1B[2K[1B[2K[1B[2K[1B[2K[1B[2K[1B[2K[1B[2K8[2K
[0G[2K
[0G[2A[0G7[26;0H[2K[1;38;2;0;0;0;48;2;255;255;255mw[0m[2m Enable Watch[0m[0G8[0G7[1B[2K[1B[2K[1B[2K[1B[2K[1B[2K[1B[2K[1B[2K[1B[2K[1B[2K[1B[2K[1B[2K[1B[2K[1B[2K[1B[2K[1B[2K[1B[2K[1B[2K[1B[2K[1B[2K[1B[2K[1B[2K[1B[2K[1B[2K[1B[2K[1B[2K[1B[2K8[33minferno-1                | [0m	from /usr/local/bundle/gems/bundler-2.5.22/lib/bundler/cli.rb:29:in `start'
[0G7[1B[2K[1B[2K[1B[2K[1B[2K[1B[2K[1B[2K[1B[2K[1B[2K[1B[2K[1B[2K[1B[2K[1B[2K[1B[2K[1B[2K[1B[2K[1B[2K[1B[2K[1B[2K[1B[2K[1B[2K[1B[2K[1B[2K[1B[2K[1B[2K[1B[2K[1B[2K8[2K
[0G[2K
[0G[2A[0G7[26;0H[2K[1;38;2;0;0;0;48;2;255;255;255mw[0m[2m Enable Watch[0m[0G8[0G7[1B[2K[1B[2K[1B[2K[1B[2K[1B[2K[1B[2K[1B[2K[1B[2K[1B[2K[1B[2K[1B[2K[1B[2K[1B[2K[1B[2K[1B[2K[1B[2K[1B[2K[1B[2K[1B[2K[1B[2K[1B[2K[1B[2K[1B[2K[1B[2K[1B[2K[1B[2K8[33minferno-1                | [0m	from /usr/local/bundle/gems/bundler-2.5.22/exe/bundle:28:in `block in <top (required)>'
[0G7[1B[2K[1B[2K[1B[2K[1B[2K[1B[2K[1B[2K[1B[2K[1B[2K[1B[2K[1B[2K[1B[2K[1B[2K[1B[2K[1B[2K[1B[2K[1B[2K[1B[2K[1B[2K[1B[2K[1B[2K[1B[2K[1B[2K[1B[2K[1B[2K[1B[2K[1B[2K8[2K
[0G[2K
[0G[2A[0G7[26;0H[2K[1;38;2;0;0;0;48;2;255;255;255mw[0m[2m Enable Watch[0m[0G8[0G7[1B[2K[1B[2K[1B[2K[1B[2K[1B[2K[1B[2K[1B[2K[1B[2K[1B[2K[1B[2K[1B[2K[1B[2K[1B[2K[1B[2K[1B[2K[1B[2K[1B[2K[1B[2K[1B[2K[1B[2K[1B[2K[1B[2K[1B[2K[1B[2K[1B[2K[1B[2K8[33minferno-1                | [0m	from /usr/local/bundle/gems/bundler-2.5.22/lib/bundler/friendly_errors.rb:117:in `with_friendly_errors'
[0G7[1B[2K[1B[2K[1B[2K[1B[2K[1B[2K[1B[2K[1B[2K[1B[2K[1B[2K[1B[2K[1B[2K[1B[2K[1B[2K[1B[2K[1B[2K[1B[2K[1B[2K[1B[2K[1B[2K[1B[2K[1B[2K[1B[2K[1B[2K[1B[2K[1B[2K[1B[2K8[2K
[0G[2K
[0G[2A[0G7[26;0H[2K[1;38;2;0;0;0;48;2;255;255;255mw[0m[2m Enable Watch[0m[0G8[0G7[1B[2K[1B[2K[1B[2K[1B[2K[1B[2K[1B[2K[1B[2K[1B[2K[1B[2K[1B[2K[1B[2K[1B[2K[1B[2K[1B[2K[1B[2K[1B[2K[1B[2K[1B[2K[1B[2K[1B[2K[1B[2K[1B[2K[1B[2K[1B[2K[1B[2K[1B[2K8[33minferno-1                | [0m	from /usr/local/bundle/gems/bundler-2.5.22/exe/bundle:20:in `<top (required)>'
[0G7[1B[2K[1B[2K[1B[2K[1B[2K[1B[2K[1B[2K[1B[2K[1B[2K[1B[2K[1B[2K[1B[2K[1B[2K[1B[2K[1B[2K[1B[2K[1B[2K[1B[2K[1B[2K[1B[2K[1B[2K[1B[2K[1B[2K[1B[2K[1B[2K[1B[2K[1B[2K8[2K
[0G[2K
[0G[2A[0G7[26;0H[2K[1;38;2;0;0;0;48;2;255;255;255mw[0m[2m Enable Watch[0m[0G8[0G7[1B[2K[1B[2K[1B[2K[1B[2K[1B[2K[1B[2K[1B[2K[1B[2K[1B[2K[1B[2K[1B[2K[1B[2K[1B[2K[1B[2K[1B[2K[1B[2K[1B[2K[1B[2K[1B[2K[1B[2K[1B[2K[1B[2K[1B[2K[1B[2K[1B[2K[1B[2K8[33minferno-1                | [0m	from /usr/local/lib/ruby/site_ruby/3.3.0/rubygems.rb:319:in `load'
[0G7[1B[2K[1B[2K[1B[2K[1B[2K[1B[2K[1B[2K[1B[2K[1B[2K[1B[2K[1B[2K[1B[2K[1B[2K[1B[2K[1B[2K[1B[2K[1B[2K[1B[2K[1B[2K[1B[2K[1B[2K[1B[2K[1B[2K[1B[2K[1B[2K[1B[2K[1B[2K8[2K
[0G[2K
[0G[2A[0G7[26;0H[2K[1;38;2;0;0;0;48;2;255;255;255mw[0m[2m Enable Watch[0m[0G8[0G7[1B[2K[1B[2K[1B[2K[1B[2K[1B[2K[1B[2K[1B[2K[1B[2K[1B[2K[1B[2K[1B[2K[1B[2K[1B[2K[1B[2K[1B[2K[1B[2K[1B[2K[1B[2K[1B[2K[1B[2K[1B[2K[1B[2K[1B[2K[1B[2K[1B[2K[1B[2K8[33minferno-1                | [0m	from /usr/local/lib/ruby/site_ruby/3.3.0/rubygems.rb:319:in `activate_and_load_bin_path'
[0G7[1B[2K[1B[2K[1B[2K[1B[2K[1B[2K[1B[2K[1B[2K[1B[2K[1B[2K[1B[2K[1B[2K[1B[2K[1B[2K[1B[2K[1B[2K[1B[2K[1B[2K[1B[2K[1B[2K[1B[2K[1B[2K[1B[2K[1B[2K[1B[2K[1B[2K[1B[2K8[2K
[0G[2K
[0G[2A[0G7[26;0H[2K[1;38;2;0;0;0;48;2;255;255;255mw[0m[2m Enable Watch[0m[0G8[0G7[1B[2K[1B[2K[1B[2K[1B[2K[1B[2K[1B[2K[1B[2K[1B[2K[1B[2K[1B[2K[1B[2K[1B[2K[1B[2K[1B[2K[1B[2K[1B[2K[1B[2K[1B[2K[1B[2K[1B[2K[1B[2K[1B[2K[1B[2K[1B[2K[1B[2K[1B[2K8[33minferno-1                | [0m	from /usr/local/bundle/bin/bundle:25:in `<main>'
[0G7[1B[2K[1B[2K[1B[2K[1B[2K[1B[2K[1B[2K[1B[2K[1B[2K[1B[2K[1B[2K[1B[2K[1B[2K[1B[2K[1B[2K[1B[2K[1B[2K[1B[2K[1B[2K[1B[2K[1B[2K[1B[2K[1B[2K[1B[2K[1B[2K[1B[2K[1B[2K8[2K
[0G[2K
[0G[2A[0G7[26;0H[2K[1;38;2;0;0;0;48;2;255;255;255mw[0m[2m Enable Watch[0m[0G8[0G7[1B[2K[1B[2K[1B[2K[1B[2K[1B[2K[1B[2K[1B[2K[1B[2K[1B[2K[1B[2K[1B[2K[1B[2K[1B[2K[1B[2K[1B[2K[1B[2K[1B[2K[1B[2K[1B[2K[1B[2K[1B[2K[1B[2K[1B[2K[1B[2K[1B[2K[1B[2K8[33minferno-1                | [0m/usr/local/lib/ruby/3.3.0/socket.rb:231:in `getaddrinfo': getaddrinfo: No address associated with hostname (Socket::ResolutionError)
[0G7[1B[2K[1B[2K[1B[2K[1B[2K[1B[2K[1B[2K[1B[2K[1B[2K[1B[2K[1B[2K[1B[2K[1B[2K[1B[2K[1B[2K[1B[2K[1B[2K[1B[2K[1B[2K[1B[2K[1B[2K[1B[2K[1B[2K[1B[2K[1B[2K[1B[2K[1B[2K8[2K
[0G[2K
[0G[2A[0G7[26;0H[2K[1;38;2;0;0;0;48;2;255;255;255mw[0m[2m Enable Watch[0m[0G8[0G7[1B[2K[1B[2K[1B[2K[1B[2K[1B[2K[1B[2K[1B[2K[1B[2K[1B[2K[1B[2K[1B[2K[1B[2K[1B[2K[1B[2K[1B[2K[1B[2K[1B[2K[1B[2K[1B[2K[1B[2K[1B[2K[1B[2K[1B[2K[1B[2K[1B[2K[1B[2K8[33minferno-1                | [0m	from /usr/local/lib/ruby/3.3.0/socket.rb:231:in `foreach'
[0G7[1B[2K[1B[2K[1B[2K[1B[2K[1B[2K[1B[2K[1B[2K[1B[2K[1B[2K[1B[2K[1B[2K[1B[2K[1B[2K[1B[2K[1B[2K[1B[2K[1B[2K[1B[2K[1B[2K[1B[2K[1B[2K[1B[2K[1B[2K[1B[2K[1B[2K[1B[2K8[2K
[0G[2K
[0G[2A[0G7[26;0H[2K[1;38;2;0;0;0;48;2;255;255;255mw[0m[2m Enable Watch[0m[0G8[0G7[1B[2K[1B[2K[1B[2K[1B[2K[1B[2K[1B[2K[1B[2K[1B[2K[1B[2K[1B[2K[1B[2K[1B[2K[1B[2K[1B[2K[1B[2K[1B[2K[1B[2K[1B[2K[1B[2K[1B[2K[1B[2K[1B[2K[1B[2K[1B[2K[1B[2K[1B[2K8[33minferno-1                | [0m	from /usr/local/lib/ruby/3.3.0/socket.rb:637:in `tcp'
[0G7[1B[2K[1B[2K[1B[2K[1B[2K[1B[2K[1B[2K[1B[2K[1B[2K[1B[2K[1B[2K[1B[2K[1B[2K[1B[2K[1B[2K[1B[2K[1B[2K[1B[2K[1B[2K[1B[2K[1B[2K[1B[2K[1B[2K[1B[2K[1B[2K[1B[2K[1B[2K8[2K
[0G[2K
[0G[2A[0G7[26;0H[2K[1;38;2;0;0;0;48;2;255;255;255mw[0m[2m Enable Watch[0m[0G8[0G7[1B[2K[1B[2K[1B[2K[1B[2K[1B[2K[1B[2K[1B[2K[1B[2K[1B[2K[1B[2K[1B[2K[1B[2K[1B[2K[1B[2K[1B[2K[1B[2K[1B[2K[1B[2K[1B[2K[1B[2K[1B[2K[1B[2K[1B[2K[1B[2K[1B[2K[1B[2K8[33minferno-1                | [0m	from /usr/local/bundle/gems/redis-client-0.25.1/lib/redis_client/ruby_connection.rb:120:in `connect'
[0G7[1B[2K[1B[2K[1B[2K[1B[2K[1B[2K[1B[2K[1B[2K[1B[2K[1B[2K[1B[2K[1B[2K[1B[2K[1B[2K[1B[2K[1B[2K[1B[2K[1B[2K[1B[2K[1B[2K[1B[2K[1B[2K[1B[2K[1B[2K[1B[2K[1B[2K[1B[2K8[2K
[0G[2K
[0G[2A[0G7[26;0H[2K[1;38;2;0;0;0;48;2;255;255;255mw[0m[2m Enable Watch[0m[0G8[0G7[1B[2K[1B[2K[1B[2K[1B[2K[1B[2K[1B[2K[1B[2K[1B[2K[1B[2K[1B[2K[1B[2K[1B[2K[1B[2K[1B[2K[1B[2K[1B[2K[1B[2K[1B[2K[1B[2K[1B[2K[1B[2K[1B[2K[1B[2K[1B[2K[1B[2K[1B[2K8[33minferno-1                | [0m	from /usr/local/bundle/gems/redis-client-0.25.1/lib/redis_client/ruby_connection.rb:51:in `initialize'
[0G7[1B[2K[1B[2K[1B[2K[1B[2K[1B[2K[1B[2K[1B[2K[1B[2K[1B[2K[1B[2K[1B[2K[1B[2K[1B[2K[1B[2K[1B[2K[1B[2K[1B[2K[1B[2K[1B[2K[1B[2K[1B[2K[1B[2K[1B[2K[1B[2K[1B[2K[1B[2K8[2K
[0G[2K
[0G[2A[0G7[26;0H[2K[1;38;2;0;0;0;48;2;255;255;255mw[0m[2m Enable Watch[0m[0G8[0G7[1B[2K[1B[2K[1B[2K[1B[2K[1B[2K[1B[2K[1B[2K[1B[2K[1B[2K[1B[2K[1B[2K[1B[2K[1B[2K[1B[2K[1B[2K[1B[2K[1B[2K[1B[2K[1B[2K[1B[2K[1B[2K[1B[2K[1B[2K[1B[2K[1B[2K[1B[2K8[33minferno-1                | [0m	from /usr/local/bundle/gems/redis-client-0.25.1/lib/redis_client.rb:773:in `new'
[0G7[1B[2K[1B[2K[1B[2K[1B[2K[1B[2K[1B[2K[1B[2K[1B[2K[1B[2K[1B[2K[1B[2K[1B[2K[1B[2K[1B[2K[1B[2K[1B[2K[1B[2K[1B[2K[1B[2K[1B[2K[1B[2K[1B[2K[1B[2K[1B[2K[1B[2K[1B[2K8[2K
[0G[2K
[0G[2A[0G7[26;0H[2K[1;38;2;0;0;0;48;2;255;255;255mw[0m[2m Enable Watch[0m[0G8[0G7[1B[2K[1B[2K[1B[2K[1B[2K[1B[2K[1B[2K[1B[2K[1B[2K[1B[2K[1B[2K[1B[2K[1B[2K[1B[2K[1B[2K[1B[2K[1B[2K[1B[2K[1B[2K[1B[2K[1B[2K[1B[2K[1B[2K[1B[2K[1B[2K[1B[2K[1B[2K8[33minferno-1                | [0m	from /usr/local/bundle/gems/redis-client-0.25.1/lib/redis_client.rb:773:in `block in connect'
[0G7[1B[2K[1B[2K[1B[2K[1B[2K[1B[2K[1B[2K[1B[2K[1B[2K[1B[2K[1B[2K[1B[2K[1B[2K[1B[2K[1B[2K[1B[2K[1B[2K[1B[2K[1B[2K[1B[2K[1B[2K[1B[2K[1B[2K[1B[2K[1B[2K[1B[2K[1B[2K8[2K
[0G[2K
[0G[2A[0G7[26;0H[2K[1;38;2;0;0;0;48;2;255;255;255mw[0m[2m Enable Watch[0m[0G8[0G7[1B[2K[1B[2K[1B[2K[1B[2K[1B[2K[1B[2K[1B[2K[1B[2K[1B[2K[1B[2K[1B[2K[1B[2K[1B[2K[1B[2K[1B[2K[1B[2K[1B[2K[1B[2K[1B[2K[1B[2K[1B[2K[1B[2K[1B[2K[1B[2K[1B[2K[1B[2K8[33minferno-1                | [0m	from /usr/local/bundle/gems/redis-client-0.25.1/lib/redis_client/middlewares.rb:12:in `connect'
[0G7[1B[2K[1B[2K[1B[2K[1B[2K[1B[2K[1B[2K[1B[2K[1B[2K[1B[2K[1B[2K[1B[2K[1B[2K[1B[2K[1B[2K[1B[2K[1B[2K[1B[2K[1B[2K[1B[2K[1B[2K[1B[2K[1B[2K[1B[2K[1B[2K[1B[2K[1B[2K8[2K
[0G[2K
[0G[2A[0G7[26;0H[2K[1;38;2;0;0;0;48;2;255;255;255mw[0m[2m Enable Watch[0m[0G8[0G7[1B[2K[1B[2K[1B[2K[1B[2K[1B[2K[1B[2K[1B[2K[1B[2K[1B[2K[1B[2K[1B[2K[1B[2K[1B[2K[1B[2K[1B[2K[1B[2K[1B[2K[1B[2K[1B[2K[1B[2K[1B[2K[1B[2K[1B[2K[1B[2K[1B[2K[1B[2K8[33minferno-1                | [0m	from /usr/local/bundle/gems/redis-client-0.25.1/lib/redis_client.rb:772:in `connect'
[0G7[1B[2K[1B[2K[1B[2K[1B[2K[1B[2K[1B[2K[1B[2K[1B[2K[1B[2K[1B[2K[1B[2K[1B[2K[1B[2K[1B[2K[1B[2K[1B[2K[1B[2K[1B[2K[1B[2K[1B[2K[1B[2K[1B[2K[1B[2K[1B[2K[1B[2K[1B[2K8[2K
[0G[2K
[0G[2A[0G7[26;0H[2K[1;38;2;0;0;0;48;2;255;255;255mw[0m[2m Enable Watch[0m[0G8[0G7[1B[2K[1B[2K[1B[2K[1B[2K[1B[2K[1B[2K[1B[2K[1B[2K[1B[2K[1B[2K[1B[2K[1B[2K[1B[2K[1B[2K[1B[2K[1B[2K[1B[2K[1B[2K[1B[2K[1B[2K[1B[2K[1B[2K[1B[2K[1B[2K[1B[2K[1B[2K8[33minferno-1                | [0m	from /usr/local/bundle/gems/redis-client-0.25.1/lib/redis_client.rb:759:in `raw_connection'
[0G7[1B[2K[1B[2K[1B[2K[1B[2K[1B[2K[1B[2K[1B[2K[1B[2K[1B[2K[1B[2K[1B[2K[1B[2K[1B[2K[1B[2K[1B[2K[1B[2K[1B[2K[1B[2K[1B[2K[1B[2K[1B[2K[1B[2K[1B[2K[1B[2K[1B[2K[1B[2K8[2K
[0G[2K
[0G[2A[0G7[26;0H[2K[1;38;2;0;0;0;48;2;255;255;255mw[0m[2m Enable Watch[0m[0G8[0G7[1B[2K[1B[2K[1B[2K[1B[2K[1B[2K[1B[2K[1B[2K[1B[2K[1B[2K[1B[2K[1B[2K[1B[2K[1B[2K[1B[2K[1B[2K[1B[2K[1B[2K[1B[2K[1B[2K[1B[2K[1B[2K[1B[2K[1B[2K[1B[2K[1B[2K[1B[2K8[33minferno-1                | [0m	from /usr/local/bundle/gems/redis-client-0.25.1/lib/redis_client.rb:719:in `ensure_connected'
[0G7[1B[2K[1B[2K[1B[2K[1B[2K[1B[2K[1B[2K[1B[2K[1B[2K[1B[2K[1B[2K[1B[2K[1B[2K[1B[2K[1B[2K[1B[2K[1B[2K[1B[2K[1B[2K[1B[2K[1B[2K[1B[2K[1B[2K[1B[2K[1B[2K[1B[2K[1B[2K8[2K
[0G[2K
[0G[2A[0G7[26;0H[2K[1;38;2;0;0;0;48;2;255;255;255mw[0m[2m Enable Watch[0m[0G8[0G7[1B[2K[1B[2K[1B[2K[1B[2K[1B[2K[1B[2K[1B[2K[1B[2K[1B[2K[1B[2K[1B[2K[1B[2K[1B[2K[1B[2K[1B[2K[1B[2K[1B[2K[1B[2K[1B[2K[1B[2K[1B[2K[1B[2K[1B[2K[1B[2K[1B[2K[1B[2K8[33minferno-1                | [0m	from /usr/local/bundle/gems/redis-client-0.25.1/lib/redis_client.rb:453:in `pipelined'
[0G7[1B[2K[1B[2K[1B[2K[1B[2K[1B[2K[1B[2K[1B[2K[1B[2K[1B[2K[1B[2K[1B[2K[1B[2K[1B[2K[1B[2K[1B[2K[1B[2K[1B[2K[1B[2K[1B[2K[1B[2K[1B[2K[1B[2K[1B[2K[1B[2K[1B[2K[1B[2K8[2K
[0G[2K
[0G[2A[0G7[26;0H[2K[1;38;2;0;0;0;48;2;255;255;255mw[0m[2m Enable Watch[0m[0G8[0G7[1B[2K[1B[2K[1B[2K[1B[2K[1B[2K[1B[2K[1B[2K[1B[2K[1B[2K[1B[2K[1B[2K[1B[2K[1B[2K[1B[2K[1B[2K[1B[2K[1B[2K[1B[2K[1B[2K[1B[2K[1B[2K[1B[2K[1B[2K[1B[2K[1B[2K[1B[2K8[33minferno-1                | [0m	from /usr/local/bundle/gems/redis-client-0.25.1/lib/redis_client/decorator.rb:51:in `pipelined'
[0G7[1B[2K[1B[2K[1B[2K[1B[2K[1B[2K[1B[2K[1B[2K[1B[2K[1B[2K[1B[2K[1B[2K[1B[2K[1B[2K[1B[2K[1B[2K[1B[2K[1B[2K[1B[2K[1B[2K[1B[2K[1B[2K[1B[2K[1B[2K[1B[2K[1B[2K[1B[2K8[2K
[0G[2K
[0G[2A[0G7[26;0H[2K[1;38;2;0;0;0;48;2;255;255;255mw[0m[2m Enable Watch[0m[0G8[0G7[1B[2K[1B[2K[1B[2K[1B[2K[1B[2K[1B[2K[1B[2K[1B[2K[1B[2K[1B[2K[1B[2K[1B[2K[1B[2K[1B[2K[1B[2K[1B[2K[1B[2K[1B[2K[1B[2K[1B[2K[1B[2K[1B[2K[1B[2K[1B[2K[1B[2K[1B[2K8[33minferno-1                | [0m	from /usr/local/bundle/gems/sidekiq-7.2.4/lib/sidekiq/client.rb:228:in `block in raw_push'
[0G7[1B[2K[1B[2K[1B[2K[1B[2K[1B[2K[1B[2K[1B[2K[1B[2K[1B[2K[1B[2K[1B[2K[1B[2K[1B[2K[1B[2K[1B[2K[1B[2K[1B[2K[1B[2K[1B[2K[1B[2K[1B[2K[1B[2K[1B[2K[1B[2K[1B[2K[1B[2K8[2K
[0G[2K
[0G[2A[0G7[26;0H[2K[1;38;2;0;0;0;48;2;255;255;255mw[0m[2m Enable Watch[0m[0G8[0G7[1B[2K[1B[2K[1B[2K[1B[2K[1B[2K[1B[2K[1B[2K[1B[2K[1B[2K[1B[2K[1B[2K[1B[2K[1B[2K[1B[2K[1B[2K[1B[2K[1B[2K[1B[2K[1B[2K[1B[2K[1B[2K[1B[2K[1B[2K[1B[2K[1B[2K[1B[2K8[33minferno-1                | [0m	from /usr/local/bundle/gems/connection_pool-2.5.3/lib/connection_pool.rb:110:in `block (2 levels) in with'
[0G7[1B[2K[1B[2K[1B[2K[1B[2K[1B[2K[1B[2K[1B[2K[1B[2K[1B[2K[1B[2K[1B[2K[1B[2K[1B[2K[1B[2K[1B[2K[1B[2K[1B[2K[1B[2K[1B[2K[1B[2K[1B[2K[1B[2K[1B[2K[1B[2K[1B[2K[1B[2K8[2K
[0G[2K
[0G[2A[0G7[26;0H[2K[1;38;2;0;0;0;48;2;255;255;255mw[0m[2m Enable Watch[0m[0G8[0G7[1B[2K[1B[2K[1B[2K[1B[2K[1B[2K[1B[2K[1B[2K[1B[2K[1B[2K[1B[2K[1B[2K[1B[2K[1B[2K[1B[2K[1B[2K[1B[2K[1B[2K[1B[2K[1B[2K[1B[2K[1B[2K[1B[2K[1B[2K[1B[2K[1B[2K[1B[2K8[33minferno-1                | [0m	from /usr/local/bundle/gems/connection_pool-2.5.3/lib/connection_pool.rb:109:in `handle_interrupt'
[0G7[1B[2K[1B[2K[1B[2K[1B[2K[1B[2K[1B[2K[1B[2K[1B[2K[1B[2K[1B[2K[1B[2K[1B[2K[1B[2K[1B[2K[1B[2K[1B[2K[1B[2K[1B[2K[1B[2K[1B[2K[1B[2K[1B[2K[1B[2K[1B[2K[1B[2K[1B[2K8[2K
[0G[2K
[0G[2A[0G7[26;0H[2K[1;38;2;0;0;0;48;2;255;255;255mw[0m[2m Enable Watch[0m[0G8[0G7[1B[2K[1B[2K[1B[2K[1B[2K[1B[2K[1B[2K[1B[2K[1B[2K[1B[2K[1B[2K[1B[2K[1B[2K[1B[2K[1B[2K[1B[2K[1B[2K[1B[2K[1B[2K[1B[2K[1B[2K[1B[2K[1B[2K[1B[2K[1B[2K[1B[2K[1B[2K8[33minferno-1                | [0m	from /usr/local/bundle/gems/connection_pool-2.5.3/lib/connection_pool.rb:109:in `block in with'
[0G7[1B[2K[1B[2K[1B[2K[1B[2K[1B[2K[1B[2K[1B[2K[1B[2K[1B[2K[1B[2K[1B[2K[1B[2K[1B[2K[1B[2K[1B[2K[1B[2K[1B[2K[1B[2K[1B[2K[1B[2K[1B[2K[1B[2K[1B[2K[1B[2K[1B[2K[1B[2K8[2K
[0G[2K
[0G[2A[0G7[26;0H[2K[1;38;2;0;0;0;48;2;255;255;255mw[0m[2m Enable Watch[0m[0G8[0G7[1B[2K[1B[2K[1B[2K[1B[2K[1B[2K[1B[2K[1B[2K[1B[2K[1B[2K[1B[2K[1B[2K[1B[2K[1B[2K[1B[2K[1B[2K[1B[2K[1B[2K[1B[2K[1B[2K[1B[2K[1B[2K[1B[2K[1B[2K[1B[2K[1B[2K[1B[2K8[33minferno-1                | [0m	from /usr/local/bundle/gems/connection_pool-2.5.3/lib/connection_pool.rb:106:in `handle_interrupt'
[0G7[1B[2K[1B[2K[1B[2K[1B[2K[1B[2K[1B[2K[1B[2K[1B[2K[1B[2K[1B[2K[1B[2K[1B[2K[1B[2K[1B[2K[1B[2K[1B[2K[1B[2K[1B[2K[1B[2K[1B[2K[1B[2K[1B[2K[1B[2K[1B[2K[1B[2K[1B[2K8[2K
[0G[2K
[0G[2A[0G7[26;0H[2K[1;38;2;0;0;0;48;2;255;255;255mw[0m[2m Enable Watch[0m[0G8[0G7[1B[2K[1B[2K[1B[2K[1B[2K[1B[2K[1B[2K[1B[2K[1B[2K[1B[2K[1B[2K[1B[2K[1B[2K[1B[2K[1B[2K[1B[2K[1B[2K[1B[2K[1B[2K[1B[2K[1B[2K[1B[2K[1B[2K[1B[2K[1B[2K[1B[2K[1B[2K8[33minferno-1                | [0m	from /usr/local/bundle/gems/connection_pool-2.5.3/lib/connection_pool.rb:106:in `with'
[0G7[1B[2K[1B[2K[1B[2K[1B[2K[1B[2K[1B[2K[1B[2K[1B[2K[1B[2K[1B[2K[1B[2K[1B[2K[1B[2K[1B[2K[1B[2K[1B[2K[1B[2K[1B[2K[1B[2K[1B[2K[1B[2K[1B[2K[1B[2K[1B[2K[1B[2K[1B[2K8[2K
[0G[2K
[0G[2A[0G7[26;0H[2K[1;38;2;0;0;0;48;2;255;255;255mw[0m[2m Enable Watch[0m[0G8[0G7[1B[2K[1B[2K[1B[2K[1B[2K[1B[2K[1B[2K[1B[2K[1B[2K[1B[2K[1B[2K[1B[2K[1B[2K[1B[2K[1B[2K[1B[2K[1B[2K[1B[2K[1B[2K[1B[2K[1B[2K[1B[2K[1B[2K[1B[2K[1B[2K[1B[2K[1B[2K8[33minferno-1                | [0m	from /usr/local/bundle/gems/sidekiq-7.2.4/lib/sidekiq/client.rb:225:in `raw_push'
[0G7[1B[2K[1B[2K[1B[2K[1B[2K[1B[2K[1B[2K[1B[2K[1B[2K[1B[2K[1B[2K[1B[2K[1B[2K[1B[2K[1B[2K[1B[2K[1B[2K[1B[2K[1B[2K[1B[2K[1B[2K[1B[2K[1B[2K[1B[2K[1B[2K[1B[2K[1B[2K8[2K
[0G[2K
[0G[2A[0G7[26;0H[2K[1;38;2;0;0;0;48;2;255;255;255mw[0m[2m Enable Watch[0m[0G8[0G7[1B[2K[1B[2K[1B[2K[1B[2K[1B[2K[1B[2K[1B[2K[1B[2K[1B[2K[1B[2K[1B[2K[1B[2K[1B[2K[1B[2K[1B[2K[1B[2K[1B[2K[1B[2K[1B[2K[1B[2K[1B[2K[1B[2K[1B[2K[1B[2K[1B[2K[1B[2K8[33minferno-1                | [0m	from /usr/local/bundle/gems/sidekiq-7.2.4/lib/sidekiq/client.rb:93:in `push'
[0G7[1B[2K[1B[2K[1B[2K[1B[2K[1B[2K[1B[2K[1B[2K[1B[2K[1B[2K[1B[2K[1B[2K[1B[2K[1B[2K[1B[2K[1B[2K[1B[2K[1B[2K[1B[2K[1B[2K[1B[2K[1B[2K[1B[2K[1B[2K[1B[2K[1B[2K[1B[2K8[2K
[0G[2K
[0G[2A[0G7[26;0H[2K[1;38;2;0;0;0;48;2;255;255;255mw[0m[2m Enable Watch[0m[0G8[0G7[1B[2K[1B[2K[1B[2K[1B[2K[1B[2K[1B[2K[1B[2K[1B[2K[1B[2K[1B[2K[1B[2K[1B[2K[1B[2K[1B[2K[1B[2K[1B[2K[1B[2K[1B[2K[1B[2K[1B[2K[1B[2K[1B[2K[1B[2K[1B[2K[1B[2K[1B[2K8[33minferno-1                | [0m	from /usr/local/bundle/gems/sidekiq-7.2.4/lib/sidekiq/job.rb:361:in `client_push'
[0G7[1B[2K[1B[2K[1B[2K[1B[2K[1B[2K[1B[2K[1B[2K[1B[2K[1B[2K[1B[2K[1B[2K[1B[2K[1B[2K[1B[2K[1B[2K[1B[2K[1B[2K[1B[2K[1B[2K[1B[2K[1B[2K[1B[2K[1B[2K[1B[2K[1B[2K[1B[2K8[2K
[0G[2K
[0G[2A[0G7[26;0H[2K[1;38;2;0;0;0;48;2;255;255;255mw[0m[2m Enable Watch[0m[0G8[0G7[1B[2K[1B[2K[1B[2K[1B[2K[1B[2K[1B[2K[1B[2K[1B[2K[1B[2K[1B[2K[1B[2K[1B[2K[1B[2K[1B[2K[1B[2K[1B[2K[1B[2K[1B[2K[1B[2K[1B[2K[1B[2K[1B[2K[1B[2K[1B[2K[1B[2K[1B[2K8[33minferno-1                | [0m	from /usr/local/bundle/gems/sidekiq-7.2.4/lib/sidekiq/job.rb:198:in `perform_async'
[0G7[1B[2K[1B[2K[1B[2K[1B[2K[1B[2K[1B[2K[1B[2K[1B[2K[1B[2K[1B[2K[1B[2K[1B[2K[1B[2K[1B[2K[1B[2K[1B[2K[1B[2K[1B[2K[1B[2K[1B[2K[1B[2K[1B[2K[1B[2K[1B[2K[1B[2K[1B[2K8[2K
[0G[2K
[0G[2A[0G7[26;0H[2K[1;38;2;0;0;0;48;2;255;255;255mw[0m[2m Enable Watch[0m[0G8[0G7[1B[2K[1B[2K[1B[2K[1B[2K[1B[2K[1B[2K[1B[2K[1B[2K[1B[2K[1B[2K[1B[2K[1B[2K[1B[2K[1B[2K[1B[2K[1B[2K[1B[2K[1B[2K[1B[2K[1B[2K[1B[2K[1B[2K[1B[2K[1B[2K[1B[2K[1B[2K8[33minferno-1                | [0m	from /usr/local/bundle/gems/sidekiq-7.2.4/lib/sidekiq/job.rb:286:in `perform_async'
[0G7[1B[2K[1B[2K[1B[2K[1B[2K[1B[2K[1B[2K[1B[2K[1B[2K[1B[2K[1B[2K[1B[2K[1B[2K[1B[2K[1B[2K[1B[2K[1B[2K[1B[2K[1B[2K[1B[2K[1B[2K[1B[2K[1B[2K[1B[2K[1B[2K[1B[2K[1B[2K8[2K
[0G[2K
[0G[2A[0G7[26;0H[2K[1;38;2;0;0;0;48;2;255;255;255mw[0m[2m Enable Watch[0m[0G8[0G7[1B[2K[1B[2K[1B[2K[1B[2K[1B[2K[1B[2K[1B[2K[1B[2K[1B[2K[1B[2K[1B[2K[1B[2K[1B[2K[1B[2K[1B[2K[1B[2K[1B[2K[1B[2K[1B[2K[1B[2K[1B[2K[1B[2K[1B[2K[1B[2K[1B[2K[1B[2K8[33minferno-1                | [0m	from /usr/local/bundle/gems/inferno_core-1.0.3/lib/inferno/jobs.rb:13:in `perform'
[0G7[1B[2K[1B[2K[1B[2K[1B[2K[1B[2K[1B[2K[1B[2K[1B[2K[1B[2K[1B[2K[1B[2K[1B[2K[1B[2K[1B[2K[1B[2K[1B[2K[1B[2K[1B[2K[1B[2K[1B[2K[1B[2K[1B[2K[1B[2K[1B[2K[1B[2K[1B[2K8[2K
[0G[2K
[0G[2A[0G7[26;0H[2K[1;38;2;0;0;0;48;2;255;255;255mw[0m[2m Enable Watch[0m[0G8[0G7[1B[2K[1B[2K[1B[2K[1B[2K[1B[2K[1B[2K[1B[2K[1B[2K[1B[2K[1B[2K[1B[2K[1B[2K[1B[2K[1B[2K[1B[2K[1B[2K[1B[2K[1B[2K[1B[2K[1B[2K[1B[2K[1B[2K[1B[2K[1B[2K[1B[2K[1B[2K8[33minferno-1                | [0m	from /usr/local/bundle/gems/inferno_core-1.0.3/lib/inferno/config/boot/validator.rb:18:in `block (5 levels) in <top (required)>'
[0G7[1B[2K[1B[2K[1B[2K[1B[2K[1B[2K[1B[2K[1B[2K[1B[2K[1B[2K[1B[2K[1B[2K[1B[2K[1B[2K[1B[2K[1B[2K[1B[2K[1B[2K[1B[2K[1B[2K[1B[2K[1B[2K[1B[2K[1B[2K[1B[2K[1B[2K[1B[2K8[2K
[0G[2K
[0G[2A[0G7[26;0H[2K[1;38;2;0;0;0;48;2;255;255;255mw[0m[2m Enable Watch[0m[0G8[0G7[1B[2K[1B[2K[1B[2K[1B[2K[1B[2K[1B[2K[1B[2K[1B[2K[1B[2K[1B[2K[1B[2K[1B[2K[1B[2K[1B[2K[1B[2K[1B[2K[1B[2K[1B[2K[1B[2K[1B[2K[1B[2K[1B[2K[1B[2K[1B[2K[1B[2K[1B[2K8[33minferno-1                | [0m	from /usr/local/bundle/gems/inferno_core-1.0.3/lib/inferno/config/boot/validator.rb:16:in `each'
[0G7[1B[2K[1B[2K[1B[2K[1B[2K[1B[2K[1B[2K[1B[2K[1B[2K[1B[2K[1B[2K[1B[2K[1B[2K[1B[2K[1B[2K[1B[2K[1B[2K[1B[2K[1B[2K[1B[2K[1B[2K[1B[2K[1B[2K[1B[2K[1B[2K[1B[2K[1B[2K8[2K
[0G[2K
[0G[2A[0G7[26;0H[2K[1;38;2;0;0;0;48;2;255;255;255mw[0m[2m Enable Watch[0m[0G8[0G7[1B[2K[1B[2K[1B[2K[1B[2K[1B[2K[1B[2K[1B[2K[1B[2K[1B[2K[1B[2K[1B[2K[1B[2K[1B[2K[1B[2K[1B[2K[1B[2K[1B[2K[1B[2K[1B[2K[1B[2K[1B[2K[1B[2K[1B[2K[1B[2K[1B[2K[1B[2K8[33minferno-1                | [0m	from /usr/local/bundle/gems/inferno_core-1.0.3/lib/inferno/config/boot/validator.rb:16:in `each_with_index'
[0G7[1B[2K[1B[2K[1B[2K[1B[2K[1B[2K[1B[2K[1B[2K[1B[2K[1B[2K[1B[2K[1B[2K[1B[2K[1B[2K[1B[2K[1B[2K[1B[2K[1B[2K[1B[2K[1B[2K[1B[2K[1B[2K[1B[2K[1B[2K[1B[2K[1B[2K[1B[2K8[2K
[0G[2K
[0G[2A[0G7[26;0H[2K[1;38;2;0;0;0;48;2;255;255;255mw[0m[2m Enable Watch[0m[0G8[0G7[1B[2K[1B[2K[1B[2K[1B[2K[1B[2K[1B[2K[1B[2K[1B[2K[1B[2K[1B[2K[1B[2K[1B[2K[1B[2K[1B[2K[1B[2K[1B[2K[1B[2K[1B[2K[1B[2K[1B[2K[1B[2K[1B[2K[1B[2K[1B[2K[1B[2K[1B[2K8[33minferno-1                | [0m	from /usr/local/bundle/gems/inferno_core-1.0.3/lib/inferno/config/boot/validator.rb:16:in `block (4 levels) in <top (required)>'
[0G7[1B[2K[1B[2K[1B[2K[1B[2K[1B[2K[1B[2K[1B[2K[1B[2K[1B[2K[1B[2K[1B[2K[1B[2K[1B[2K[1B[2K[1B[2K[1B[2K[1B[2K[1B[2K[1B[2K[1B[2K[1B[2K[1B[2K[1B[2K[1B[2K[1B[2K[1B[2K8[2K
[0G[2K
[0G[2A[0G7[26;0H[2K[1;38;2;0;0;0;48;2;255;255;255mw[0m[2m Enable Watch[0m[0G8[0G7[1B[2K[1B[2K[1B[2K[1B[2K[1B[2K[1B[2K[1B[2K[1B[2K[1B[2K[1B[2K[1B[2K[1B[2K[1B[2K[1B[2K[1B[2K[1B[2K[1B[2K[1B[2K[1B[2K[1B[2K[1B[2K[1B[2K[1B[2K[1B[2K[1B[2K[1B[2K8[33minferno-1                | [0m	from /usr/local/bundle/gems/inferno_core-1.0.3/lib/inferno/config/boot/validator.rb:15:in `each'
[0G7[1B[2K[1B[2K[1B[2K[1B[2K[1B[2K[1B[2K[1B[2K[1B[2K[1B[2K[1B[2K[1B[2K[1B[2K[1B[2K[1B[2K[1B[2K[1B[2K[1B[2K[1B[2K[1B[2K[1B[2K[1B[2K[1B[2K[1B[2K[1B[2K[1B[2K[1B[2K8[2K
[0G[2K
[0G[2A[0G7[26;0H[2K[1;38;2;0;0;0;48;2;255;255;255mw[0m[2m Enable Watch[0m[0G8[0G7[1B[2K[1B[2K[1B[2K[1B[2K[1B[2K[1B[2K[1B[2K[1B[2K[1B[2K[1B[2K[1B[2K[1B[2K[1B[2K[1B[2K[1B[2K[1B[2K[1B[2K[1B[2K[1B[2K[1B[2K[1B[2K[1B[2K[1B[2K[1B[2K[1B[2K[1B[2K8[33minferno-1                | [0m	from /usr/local/bundle/gems/inferno_core-1.0.3/lib/inferno/config/boot/validator.rb:15:in `block (3 levels) in <top (required)>'
[0G7[1B[2K[1B[2K[1B[2K[1B[2K[1B[2K[1B[2K[1B[2K[1B[2K[1B[2K[1B[2K[1B[2K[1B[2K[1B[2K[1B[2K[1B[2K[1B[2K[1B[2K[1B[2K[1B[2K[1B[2K[1B[2K[1B[2K[1B[2K[1B[2K[1B[2K[1B[2K8[2K
[0G[2K
[0G[2A[0G7[26;0H[2K[1;38;2;0;0;0;48;2;255;255;255mw[0m[2m Enable Watch[0m[0G8[0G7[1B[2K[1B[2K[1B[2K[1B[2K[1B[2K[1B[2K[1B[2K[1B[2K[1B[2K[1B[2K[1B[2K[1B[2K[1B[2K[1B[2K[1B[2K[1B[2K[1B[2K[1B[2K[1B[2K[1B[2K[1B[2K[1B[2K[1B[2K[1B[2K[1B[2K[1B[2K8[33minferno-1                | [0m	from /usr/local/bundle/gems/inferno_core-1.0.3/lib/inferno/config/boot/validator.rb:14:in `each'
[0G7[1B[2K[1B[2K[1B[2K[1B[2K[1B[2K[1B[2K[1B[2K[1B[2K[1B[2K[1B[2K[1B[2K[1B[2K[1B[2K[1B[2K[1B[2K[1B[2K[1B[2K[1B[2K[1B[2K[1B[2K[1B[2K[1B[2K[1B[2K[1B[2K[1B[2K[1B[2K8[2K
[0G[2K
[0G[2A[0G7[26;0H[2K[1;38;2;0;0;0;48;2;255;255;255mw[0m[2m Enable Watch[0m[0G8[0G7[1B[2K[1B[2K[1B[2K[1B[2K[1B[2K[1B[2K[1B[2K[1B[2K[1B[2K[1B[2K[1B[2K[1B[2K[1B[2K[1B[2K[1B[2K[1B[2K[1B[2K[1B[2K[1B[2K[1B[2K[1B[2K[1B[2K[1B[2K[1B[2K[1B[2K[1B[2K8[33minferno-1                | [0m	from /usr/local/bundle/gems/inferno_core-1.0.3/lib/inferno/config/boot/validator.rb:14:in `block (2 levels) in <top (required)>'
[0G7[1B[2K[1B[2K[1B[2K[1B[2K[1B[2K[1B[2K[1B[2K[1B[2K[1B[2K[1B[2K[1B[2K[1B[2K[1B[2K[1B[2K[1B[2K[1B[2K[1B[2K[1B[2K[1B[2K[1B[2K[1B[2K[1B[2K[1B[2K[1B[2K[1B[2K[1B[2K8[2K
[0G[2K
[0G[2A[0G7[26;0H[2K[1;38;2;0;0;0;48;2;255;255;255mw[0m[2m Enable Watch[0m[0G8[0G7[1B[2K[1B[2K[1B[2K[1B[2K[1B[2K[1B[2K[1B[2K[1B[2K[1B[2K[1B[2K[1B[2K[1B[2K[1B[2K[1B[2K[1B[2K[1B[2K[1B[2K[1B[2K[1B[2K[1B[2K[1B[2K[1B[2K[1B[2K[1B[2K[1B[2K[1B[2K8[33minferno-1                | [0m	from /usr/local/bundle/gems/dry-system-1.0.0/lib/dry/system/provider.rb:231:in `public_send'
[0G7[1B[2K[1B[2K[1B[2K[1B[2K[1B[2K[1B[2K[1B[2K[1B[2K[1B[2K[1B[2K[1B[2K[1B[2K[1B[2K[1B[2K[1B[2K[1B[2K[1B[2K[1B[2K[1B[2K[1B[2K[1B[2K[1B[2K[1B[2K[1B[2K[1B[2K[1B[2K8[2K
[0G[2K
[0G[2A[0G7[26;0H[2K[1;38;2;0;0;0;48;2;255;255;255mw[0m[2m Enable Watch[0m[0G8[0G7[1B[2K[1B[2K[1B[2K[1B[2K[1B[2K[1B[2K[1B[2K[1B[2K[1B[2K[1B[2K[1B[2K[1B[2K[1B[2K[1B[2K[1B[2K[1B[2K[1B[2K[1B[2K[1B[2K[1B[2K[1B[2K[1B[2K[1B[2K[1B[2K[1B[2K[1B[2K8[33minferno-1                | [0m	from /usr/local/bundle/gems/dry-system-1.0.0/lib/dry/system/provider.rb:231:in `run_step'
[0G7[1B[2K[1B[2K[1B[2K[1B[2K[1B[2K[1B[2K[1B[2K[1B[2K[1B[2K[1B[2K[1B[2K[1B[2K[1B[2K[1B[2K[1B[2K[1B[2K[1B[2K[1B[2K[1B[2K[1B[2K[1B[2K[1B[2K[1B[2K[1B[2K[1B[2K[1B[2K8[2K
[0G[2K
[0G[2A[0G7[26;0H[2K[1;38;2;0;0;0;48;2;255;255;255mw[0m[2m Enable Watch[0m[0G8[0G7[1B[2K[1B[2K[1B[2K[1B[2K[1B[2K[1B[2K[1B[2K[1B[2K[1B[2K[1B[2K[1B[2K[1B[2K[1B[2K[1B[2K[1B[2K[1B[2K[1B[2K[1B[2K[1B[2K[1B[2K[1B[2K[1B[2K[1B[2K[1B[2K[1B[2K[1B[2K8[33minferno-1                | [0m	from /usr/local/bundle/gems/dry-system-1.0.0/lib/dry/system/provider.rb:167:in `start'
[0G7[1B[2K[1B[2K[1B[2K[1B[2K[1B[2K[1B[2K[1B[2K[1B[2K[1B[2K[1B[2K[1B[2K[1B[2K[1B[2K[1B[2K[1B[2K[1B[2K[1B[2K[1B[2K[1B[2K[1B[2K[1B[2K[1B[2K[1B[2K[1B[2K[1B[2K[1B[2K8[2K
[0G[2K
[0G[2A[0G7[26;0H[2K[1;38;2;0;0;0;48;2;255;255;255mw[0m[2m Enable Watch[0m[0G8[0G7[1B[2K[1B[2K[1B[2K[1B[2K[1B[2K[1B[2K[1B[2K[1B[2K[1B[2K[1B[2K[1B[2K[1B[2K[1B[2K[1B[2K[1B[2K[1B[2K[1B[2K[1B[2K[1B[2K[1B[2K[1B[2K[1B[2K[1B[2K[1B[2K[1B[2K[1B[2K8[33minferno-1                | [0m	from /usr/local/bundle/gems/dry-system-1.0.0/lib/dry/system/provider_registrar.rb:146:in `each_value'
[0G7[1B[2K[1B[2K[1B[2K[1B[2K[1B[2K[1B[2K[1B[2K[1B[2K[1B[2K[1B[2K[1B[2K[1B[2K[1B[2K[1B[2K[1B[2K[1B[2K[1B[2K[1B[2K[1B[2K[1B[2K[1B[2K[1B[2K[1B[2K[1B[2K[1B[2K[1B[2K8[2K
[0G[2K
[0G[2A[0G7[26;0H[2K[1;38;2;0;0;0;48;2;255;255;255mw[0m[2m Enable Watch[0m[0G8[0G7[1B[2K[1B[2K[1B[2K[1B[2K[1B[2K[1B[2K[1B[2K[1B[2K[1B[2K[1B[2K[1B[2K[1B[2K[1B[2K[1B[2K[1B[2K[1B[2K[1B[2K[1B[2K[1B[2K[1B[2K[1B[2K[1B[2K[1B[2K[1B[2K[1B[2K[1B[2K8[33minferno-1                | [0m	from /usr/local/bundle/gems/dry-system-1.0.0/lib/dry/system/provider_registrar.rb:146:in `finalize!'
[0G7[1B[2K[1B[2K[1B[2K[1B[2K[1B[2K[1B[2K[1B[2K[1B[2K[1B[2K[1B[2K[1B[2K[1B[2K[1B[2K[1B[2K[1B[2K[1B[2K[1B[2K[1B[2K[1B[2K[1B[2K[1B[2K[1B[2K[1B[2K[1B[2K[1B[2K[1B[2K8[2K
[0G[2K
[0G[2A[0G7[26;0H[2K[1;38;2;0;0;0;48;2;255;255;255mw[0m[2m Enable Watch[0m[0G8[0G7[1B[2K[1B[2K[1B[2K[1B[2K[1B[2K[1B[2K[1B[2K[1B[2K[1B[2K[1B[2K[1B[2K[1B[2K[1B[2K[1B[2K[1B[2K[1B[2K[1B[2K[1B[2K[1B[2K[1B[2K[1B[2K[1B[2K[1B[2K[1B[2K[1B[2K[1B[2K8[33minferno-1                | [0m	from /usr/local/bundle/gems/dry-system-1.0.0/lib/dry/system/container.rb:325:in `finalize!'
[0G7[1B[2K[1B[2K[1B[2K[1B[2K[1B[2K[1B[2K[1B[2K[1B[2K[1B[2K[1B[2K[1B[2K[1B[2K[1B[2K[1B[2K[1B[2K[1B[2K[1B[2K[1B[2K[1B[2K[1B[2K[1B[2K[1B[2K[1B[2K[1B[2K[1B[2K[1B[2K8[2K
[0G[2K
[0G[2A[0G7[26;0H[2K[1;38;2;0;0;0;48;2;255;255;255mw[0m[2m Enable Watch[0m[0G8[0G7[1B[2K[1B[2K[1B[2K[1B[2K[1B[2K[1B[2K[1B[2K[1B[2K[1B[2K[1B[2K[1B[2K[1B[2K[1B[2K[1B[2K[1B[2K[1B[2K[1B[2K[1B[2K[1B[2K[1B[2K[1B[2K[1B[2K[1B[2K[1B[2K[1B[2K[1B[2K8[33minferno-1                | [0m	from config.ru:7:in `block in <main>'
[0G7[1B[2K[1B[2K[1B[2K[1B[2K[1B[2K[1B[2K[1B[2K[1B[2K[1B[2K[1B[2K[1B[2K[1B[2K[1B[2K[1B[2K[1B[2K[1B[2K[1B[2K[1B[2K[1B[2K[1B[2K[1B[2K[1B[2K[1B[2K[1B[2K[1B[2K[1B[2K8[2K
[0G[2K
[0G[2A[0G7[26;0H[2K[1;38;2;0;0;0;48;2;255;255;255mw[0m[2m Enable Watch[0m[0G8[0G7[1B[2K[1B[2K[1B[2K[1B[2K[1B[2K[1B[2K[1B[2K[1B[2K[1B[2K[1B[2K[1B[2K[1B[2K[1B[2K[1B[2K[1B[2K[1B[2K[1B[2K[1B[2K[1B[2K[1B[2K[1B[2K[1B[2K[1B[2K[1B[2K[1B[2K[1B[2K8[33minferno-1                | [0m	from /usr/local/bundle/gems/rack-2.2.17/lib/rack/builder.rb:116:in `eval'
[0G7[1B[2K[1B[2K[1B[2K[1B[2K[1B[2K[1B[2K[1B[2K[1B[2K[1B[2K[1B[2K[1B[2K[1B[2K[1B[2K[1B[2K[1B[2K[1B[2K[1B[2K[1B[2K[1B[2K[1B[2K[1B[2K[1B[2K[1B[2K[1B[2K[1B[2K[1B[2K8[2K
[0G[2K
[0G[2A[0G7[26;0H[2K[1;38;2;0;0;0;48;2;255;255;255mw[0m[2m Enable Watch[0m[0G8[0G7[1B[2K[1B[2K[1B[2K[1B[2K[1B[2K[1B[2K[1B[2K[1B[2K[1B[2K[1B[2K[1B[2K[1B[2K[1B[2K[1B[2K[1B[2K[1B[2K[1B[2K[1B[2K[1B[2K[1B[2K[1B[2K[1B[2K[1B[2K[1B[2K[1B[2K[1B[2K8[33minferno-1                | [0m	from /usr/local/bundle/gems/rack-2.2.17/lib/rack/builder.rb:116:in `new_from_string'
[0G7[1B[2K[1B[2K[1B[2K[1B[2K[1B[2K[1B[2K[1B[2K[1B[2K[1B[2K[1B[2K[1B[2K[1B[2K[1B[2K[1B[2K[1B[2K[1B[2K[1B[2K[1B[2K[1B[2K[1B[2K[1B[2K[1B[2K[1B[2K[1B[2K[1B[2K[1B[2K8[2K
[0G[2K
[0G[2A[0G7[26;0H[2K[1;38;2;0;0;0;48;2;255;255;255mw[0m[2m Enable Watch[0m[0G8[0G7[1B[2K[1B[2K[1B[2K[1B[2K[1B[2K[1B[2K[1B[2K[1B[2K[1B[2K[1B[2K[1B[2K[1B[2K[1B[2K[1B[2K[1B[2K[1B[2K[1B[2K[1B[2K[1B[2K[1B[2K[1B[2K[1B[2K[1B[2K[1B[2K[1B[2K[1B[2K8[33minferno-1                | [0m	from /usr/local/bundle/gems/rack-2.2.17/lib/rack/builder.rb:105:in `load_file'
[0G7[1B[2K[1B[2K[1B[2K[1B[2K[1B[2K[1B[2K[1B[2K[1B[2K[1B[2K[1B[2K[1B[2K[1B[2K[1B[2K[1B[2K[1B[2K[1B[2K[1B[2K[1B[2K[1B[2K[1B[2K[1B[2K[1B[2K[1B[2K[1B[2K[1B[2K[1B[2K8[2K
[0G[2K
[0G[2A[0G7[26;0H[2K[1;38;2;0;0;0;48;2;255;255;255mw[0m[2m Enable Watch[0m[0G8[0G7[1B[2K[1B[2K[1B[2K[1B[2K[1B[2K[1B[2K[1B[2K[1B[2K[1B[2K[1B[2K[1B[2K[1B[2K[1B[2K[1B[2K[1B[2K[1B[2K[1B[2K[1B[2K[1B[2K[1B[2K[1B[2K[1B[2K[1B[2K[1B[2K[1B[2K[1B[2K8[33minferno-1                | [0m	from /usr/local/bundle/gems/rack-2.2.17/lib/rack/builder.rb:66:in `parse_file'
[0G7[1B[2K[1B[2K[1B[2K[1B[2K[1B[2K[1B[2K[1B[2K[1B[2K[1B[2K[1B[2K[1B[2K[1B[2K[1B[2K[1B[2K[1B[2K[1B[2K[1B[2K[1B[2K[1B[2K[1B[2K[1B[2K[1B[2K[1B[2K[1B[2K[1B[2K[1B[2K8[2K
[0G[2K
[0G[2A[0G7[26;0H[2K[1;38;2;0;0;0;48;2;255;255;255mw[0m[2m Enable Watch[0m[0G8[0G7[1B[2K[1B[2K[1B[2K[1B[2K[1B[2K[1B[2K[1B[2K[1B[2K[1B[2K[1B[2K[1B[2K[1B[2K[1B[2K[1B[2K[1B[2K[1B[2K[1B[2K[1B[2K[1B[2K[1B[2K[1B[2K[1B[2K[1B[2K[1B[2K[1B[2K[1B[2K8[33minferno-1                | [0m	from /usr/local/bundle/gems/puma-5.6.9/lib/puma/configuration.rb:348:in `load_rackup'
[0G7[1B[2K[1B[2K[1B[2K[1B[2K[1B[2K[1B[2K[1B[2K[1B[2K[1B[2K[1B[2K[1B[2K[1B[2K[1B[2K[1B[2K[1B[2K[1B[2K[1B[2K[1B[2K[1B[2K[1B[2K[1B[2K[1B[2K[1B[2K[1B[2K[1B[2K[1B[2K8[2K
[0G[2K
[0G[2A[0G7[26;0H[2K[1;38;2;0;0;0;48;2;255;255;255mw[0m[2m Enable Watch[0m[0G8[0G7[1B[2K[1B[2K[1B[2K[1B[2K[1B[2K[1B[2K[1B[2K[1B[2K[1B[2K[1B[2K[1B[2K[1B[2K[1B[2K[1B[2K[1B[2K[1B[2K[1B[2K[1B[2K[1B[2K[1B[2K[1B[2K[1B[2K[1B[2K[1B[2K[1B[2K[1B[2K8[33minferno-1                | [0m	from /usr/local/bundle/gems/puma-5.6.9/lib/puma/configuration.rb:270:in `app'
[0G7[1B[2K[1B[2K[1B[2K[1B[2K[1B[2K[1B[2K[1B[2K[1B[2K[1B[2K[1B[2K[1B[2K[1B[2K[1B[2K[1B[2K[1B[2K[1B[2K[1B[2K[1B[2K[1B[2K[1B[2K[1B[2K[1B[2K[1B[2K[1B[2K[1B[2K[1B[2K8[2K
[0G[2K
[0G[2A[0G7[26;0H[2K[1;38;2;0;0;0;48;2;255;255;255mw[0m[2m Enable Watch[0m[0G8[0G7[1B[2K[1B[2K[1B[2K[1B[2K[1B[2K[1B[2K[1B[2K[1B[2K[1B[2K[1B[2K[1B[2K[1B[2K[1B[2K[1B[2K[1B[2K[1B[2K[1B[2K[1B[2K[1B[2K[1B[2K[1B[2K[1B[2K[1B[2K[1B[2K[1B[2K[1B[2K8[33minferno-1                | [0m	from /usr/local/bundle/gems/puma-5.6.9/lib/puma/runner.rb:150:in `load_and_bind'
[0G7[1B[2K[1B[2K[1B[2K[1B[2K[1B[2K[1B[2K[1B[2K[1B[2K[1B[2K[1B[2K[1B[2K[1B[2K[1B[2K[1B[2K[1B[2K[1B[2K[1B[2K[1B[2K[1B[2K[1B[2K[1B[2K[1B[2K[1B[2K[1B[2K[1B[2K[1B[2K8[2K
[0G[2K
[0G[2A[0G7[26;0H[2K[1;38;2;0;0;0;48;2;255;255;255mw[0m[2m Enable Watch[0m[0G8[0G7[1B[2K[1B[2K[1B[2K[1B[2K[1B[2K[1B[2K[1B[2K[1B[2K[1B[2K[1B[2K[1B[2K[1B[2K[1B[2K[1B[2K[1B[2K[1B[2K[1B[2K[1B[2K[1B[2K[1B[2K[1B[2K[1B[2K[1B[2K[1B[2K[1B[2K[1B[2K8[33minferno-1                | [0m	from /usr/local/bundle/gems/puma-5.6.9/lib/puma/single.rb:44:in `run'
[0G7[1B[2K[1B[2K[1B[2K[1B[2K[1B[2K[1B[2K[1B[2K[1B[2K[1B[2K[1B[2K[1B[2K[1B[2K[1B[2K[1B[2K[1B[2K[1B[2K[1B[2K[1B[2K[1B[2K[1B[2K[1B[2K[1B[2K[1B[2K[1B[2K[1B[2K[1B[2K8[2K
[0G[2K
[0G[2A[0G7[26;0H[2K[1;38;2;0;0;0;48;2;255;255;255mw[0m[2m Enable Watch[0m[0G8[0G7[1B[2K[1B[2K[1B[2K[1B[2K[1B[2K[1B[2K[1B[2K[1B[2K[1B[2K[1B[2K[1B[2K[1B[2K[1B[2K[1B[2K[1B[2K[1B[2K[1B[2K[1B[2K[1B[2K[1B[2K[1B[2K[1B[2K[1B[2K[1B[2K[1B[2K[1B[2K8[33minferno-1                | [0m	from /usr/local/bundle/gems/puma-5.6.9/lib/puma/launcher.rb:193:in `run'
[0G7[1B[2K[1B[2K[1B[2K[1B[2K[1B[2K[1B[2K[1B[2K[1B[2K[1B[2K[1B[2K[1B[2K[1B[2K[1B[2K[1B[2K[1B[2K[1B[2K[1B[2K[1B[2K[1B[2K[1B[2K[1B[2K[1B[2K[1B[2K[1B[2K[1B[2K[1B[2K8[2K
[0G[2K
[0G[2A[0G7[26;0H[2K[1;38;2;0;0;0;48;2;255;255;255mw[0m[2m Enable Watch[0m[0G8[0G7[1B[2K[1B[2K[1B[2K[1B[2K[1B[2K[1B[2K[1B[2K[1B[2K[1B[2K[1B[2K[1B[2K[1B[2K[1B[2K[1B[2K[1B[2K[1B[2K[1B[2K[1B[2K[1B[2K[1B[2K[1B[2K[1B[2K[1B[2K[1B[2K[1B[2K[1B[2K8[33minferno-1                | [0m	from /usr/local/bundle/gems/puma-5.6.9/lib/puma/cli.rb:81:in `run'
[0G7[1B[2K[1B[2K[1B[2K[1B[2K[1B[2K[1B[2K[1B[2K[1B[2K[1B[2K[1B[2K[1B[2K[1B[2K[1B[2K[1B[2K[1B[2K[1B[2K[1B[2K[1B[2K[1B[2K[1B[2K[1B[2K[1B[2K[1B[2K[1B[2K[1B[2K[1B[2K8[2K
[0G[2K
[0G[2A[0G7[26;0H[2K[1;38;2;0;0;0;48;2;255;255;255mw[0m[2m Enable Watch[0m[0G8[0G7[1B[2K[1B[2K[1B[2K[1B[2K[1B[2K[1B[2K[1B[2K[1B[2K[1B[2K[1B[2K[1B[2K[1B[2K[1B[2K[1B[2K[1B[2K[1B[2K[1B[2K[1B[2K[1B[2K[1B[2K[1B[2K[1B[2K[1B[2K[1B[2K[1B[2K[1B[2K8[33minferno-1                | [0m	from /usr/local/bundle/gems/puma-5.6.9/bin/puma:10:in `<top (required)>'
[0G7[1B[2K[1B[2K[1B[2K[1B[2K[1B[2K[1B[2K[1B[2K[1B[2K[1B[2K[1B[2K[1B[2K[1B[2K[1B[2K[1B[2K[1B[2K[1B[2K[1B[2K[1B[2K[1B[2K[1B[2K[1B[2K[1B[2K[1B[2K[1B[2K[1B[2K[1B[2K8[2K
[0G[2K
[0G[2A[0G7[26;0H[2K[1;38;2;0;0;0;48;2;255;255;255mw[0m[2m Enable Watch[0m[0G8[0G7[1B[2K[1B[2K[1B[2K[1B[2K[1B[2K[1B[2K[1B[2K[1B[2K[1B[2K[1B[2K[1B[2K[1B[2K[1B[2K[1B[2K[1B[2K[1B[2K[1B[2K[1B[2K[1B[2K[1B[2K[1B[2K[1B[2K[1B[2K[1B[2K[1B[2K[1B[2K8[33minferno-1                | [0m	from /usr/local/lib/ruby/site_ruby/3.3.0/rubygems.rb:319:in `load'
[0G7[1B[2K[1B[2K[1B[2K[1B[2K[1B[2K[1B[2K[1B[2K[1B[2K[1B[2K[1B[2K[1B[2K[1B[2K[1B[2K[1B[2K[1B[2K[1B[2K[1B[2K[1B[2K[1B[2K[1B[2K[1B[2K[1B[2K[1B[2K[1B[2K[1B[2K[1B[2K8[2K
[0G[2K
[0G[2A[0G7[26;0H[2K[1;38;2;0;0;0;48;2;255;255;255mw[0m[2m Enable Watch[0m[0G8[0G7[1B[2K[1B[2K[1B[2K[1B[2K[1B[2K[1B[2K[1B[2K[1B[2K[1B[2K[1B[2K[1B[2K[1B[2K[1B[2K[1B[2K[1B[2K[1B[2K[1B[2K[1B[2K[1B[2K[1B[2K[1B[2K[1B[2K[1B[2K[1B[2K[1B[2K[1B[2K8[33minferno-1                | [0m	from /usr/local/lib/ruby/site_ruby/3.3.0/rubygems.rb:319:in `activate_and_load_bin_path'
[0G7[1B[2K[1B[2K[1B[2K[1B[2K[1B[2K[1B[2K[1B[2K[1B[2K[1B[2K[1B[2K[1B[2K[1B[2K[1B[2K[1B[2K[1B[2K[1B[2K[1B[2K[1B[2K[1B[2K[1B[2K[1B[2K[1B[2K[1B[2K[1B[2K[1B[2K[1B[2K8[2K
[0G[2K
[0G[2A[0G7[26;0H[2K[1;38;2;0;0;0;48;2;255;255;255mw[0m[2m Enable Watch[0m[0G8[0G7[1B[2K[1B[2K[1B[2K[1B[2K[1B[2K[1B[2K[1B[2K[1B[2K[1B[2K[1B[2K[1B[2K[1B[2K[1B[2K[1B[2K[1B[2K[1B[2K[1B[2K[1B[2K[1B[2K[1B[2K[1B[2K[1B[2K[1B[2K[1B[2K[1B[2K[1B[2K8[33minferno-1                | [0m	from /usr/local/bundle/bin/puma:25:in `<top (required)>'
[0G7[1B[2K[1B[2K[1B[2K[1B[2K[1B[2K[1B[2K[1B[2K[1B[2K[1B[2K[1B[2K[1B[2K[1B[2K[1B[2K[1B[2K[1B[2K[1B[2K[1B[2K[1B[2K[1B[2K[1B[2K[1B[2K[1B[2K[1B[2K[1B[2K[1B[2K[1B[2K8[2K
[0G[2K
[0G[2A[0G7[26;0H[2K[1;38;2;0;0;0;48;2;255;255;255mw[0m[2m Enable Watch[0m[0G8[0G7[1B[2K[1B[2K[1B[2K[1B[2K[1B[2K[1B[2K[1B[2K[1B[2K[1B[2K[1B[2K[1B[2K[1B[2K[1B[2K[1B[2K[1B[2K[1B[2K[1B[2K[1B[2K[1B[2K[1B[2K[1B[2K[1B[2K[1B[2K[1B[2K[1B[2K[1B[2K8[33minferno-1                | [0m	from /usr/local/bundle/gems/bundler-2.5.22/lib/bundler/cli/exec.rb:58:in `load'
[0G7[1B[2K[1B[2K[1B[2K[1B[2K[1B[2K[1B[2K[1B[2K[1B[2K[1B[2K[1B[2K[1B[2K[1B[2K[1B[2K[1B[2K[1B[2K[1B[2K[1B[2K[1B[2K[1B[2K[1B[2K[1B[2K[1B[2K[1B[2K[1B[2K[1B[2K[1B[2K8[2K
[0G[2K
[0G[2A[0G7[26;0H[2K[1;38;2;0;0;0;48;2;255;255;255mw[0m[2m Enable Watch[0m[0G8[0G7[1B[2K[1B[2K[1B[2K[1B[2K[1B[2K[1B[2K[1B[2K[1B[2K[1B[2K[1B[2K[1B[2K[1B[2K[1B[2K[1B[2K[1B[2K[1B[2K[1B[2K[1B[2K[1B[2K[1B[2K[1B[2K[1B[2K[1B[2K[1B[2K[1B[2K[1B[2K8[33minferno-1                | [0m	from /usr/local/bundle/gems/bundler-2.5.22/lib/bundler/cli/exec.rb:58:in `kernel_load'
[0G7[1B[2K[1B[2K[1B[2K[1B[2K[1B[2K[1B[2K[1B[2K[1B[2K[1B[2K[1B[2K[1B[2K[1B[2K[1B[2K[1B[2K[1B[2K[1B[2K[1B[2K[1B[2K[1B[2K[1B[2K[1B[2K[1B[2K[1B[2K[1B[2K[1B[2K[1B[2K8[2K
[0G[2K
[0G[2A[0G7[26;0H[2K[1;38;2;0;0;0;48;2;255;255;255mw[0m[2m Enable Watch[0m[0G8[0G7[1B[2K[1B[2K[1B[2K[1B[2K[1B[2K[1B[2K[1B[2K[1B[2K[1B[2K[1B[2K[1B[2K[1B[2K[1B[2K[1B[2K[1B[2K[1B[2K[1B[2K[1B[2K[1B[2K[1B[2K[1B[2K[1B[2K[1B[2K[1B[2K[1B[2K[1B[2K8[33minferno-1                | [0m	from /usr/local/bundle/gems/bundler-2.5.22/lib/bundler/cli/exec.rb:23:in `run'
[0G7[1B[2K[1B[2K[1B[2K[1B[2K[1B[2K[1B[2K[1B[2K[1B[2K[1B[2K[1B[2K[1B[2K[1B[2K[1B[2K[1B[2K[1B[2K[1B[2K[1B[2K[1B[2K[1B[2K[1B[2K[1B[2K[1B[2K[1B[2K[1B[2K[1B[2K[1B[2K8[2K
[0G[2K
[0G[2A[0G7[26;0H[2K[1;38;2;0;0;0;48;2;255;255;255mw[0m[2m Enable Watch[0m[0G8[0G7[1B[2K[1B[2K[1B[2K[1B[2K[1B[2K[1B[2K[1B[2K[1B[2K[1B[2K[1B[2K[1B[2K[1B[2K[1B[2K[1B[2K[1B[2K[1B[2K[1B[2K[1B[2K[1B[2K[1B[2K[1B[2K[1B[2K[1B[2K[1B[2K[1B[2K[1B[2K8[33minferno-1                | [0m	from /usr/local/bundle/gems/bundler-2.5.22/lib/bundler/cli.rb:455:in `exec'
[0G7[1B[2K[1B[2K[1B[2K[1B[2K[1B[2K[1B[2K[1B[2K[1B[2K[1B[2K[1B[2K[1B[2K[1B[2K[1B[2K[1B[2K[1B[2K[1B[2K[1B[2K[1B[2K[1B[2K[1B[2K[1B[2K[1B[2K[1B[2K[1B[2K[1B[2K[1B[2K8[2K
[0G[2K
[0G[2A[0G7[26;0H[2K[1;38;2;0;0;0;48;2;255;255;255mw[0m[2m Enable Watch[0m[0G8[0G7[1B[2K[1B[2K[1B[2K[1B[2K[1B[2K[1B[2K[1B[2K[1B[2K[1B[2K[1B[2K[1B[2K[1B[2K[1B[2K[1B[2K[1B[2K[1B[2K[1B[2K[1B[2K[1B[2K[1B[2K[1B[2K[1B[2K[1B[2K[1B[2K[1B[2K[1B[2K8[33minferno-1                | [0m	from /usr/local/bundle/gems/bundler-2.5.22/lib/bundler/vendor/thor/lib/thor/command.rb:28:in `run'
[0G7[1B[2K[1B[2K[1B[2K[1B[2K[1B[2K[1B[2K[1B[2K[1B[2K[1B[2K[1B[2K[1B[2K[1B[2K[1B[2K[1B[2K[1B[2K[1B[2K[1B[2K[1B[2K[1B[2K[1B[2K[1B[2K[1B[2K[1B[2K[1B[2K[1B[2K[1B[2K8[2K
[0G[2K
[0G[2A[0G7[26;0H[2K[1;38;2;0;0;0;48;2;255;255;255mw[0m[2m Enable Watch[0m[0G8[0G7[1B[2K[1B[2K[1B[2K[1B[2K[1B[2K[1B[2K[1B[2K[1B[2K[1B[2K[1B[2K[1B[2K[1B[2K[1B[2K[1B[2K[1B[2K[1B[2K[1B[2K[1B[2K[1B[2K[1B[2K[1B[2K[1B[2K[1B[2K[1B[2K[1B[2K[1B[2K8[33minferno-1                | [0m	from /usr/local/bundle/gems/bundler-2.5.22/lib/bundler/vendor/thor/lib/thor/invocation.rb:127:in `invoke_command'
[0G7[1B[2K[1B[2K[1B[2K[1B[2K[1B[2K[1B[2K[1B[2K[1B[2K[1B[2K[1B[2K[1B[2K[1B[2K[1B[2K[1B[2K[1B[2K[1B[2K[1B[2K[1B[2K[1B[2K[1B[2K[1B[2K[1B[2K[1B[2K[1B[2K[1B[2K[1B[2K8[2K
[0G[2K
[0G[2A[0G7[26;0H[2K[1;38;2;0;0;0;48;2;255;255;255mw[0m[2m Enable Watch[0m[0G8[0G7[1B[2K[1B[2K[1B[2K[1B[2K[1B[2K[1B[2K[1B[2K[1B[2K[1B[2K[1B[2K[1B[2K[1B[2K[1B[2K[1B[2K[1B[2K[1B[2K[1B[2K[1B[2K[1B[2K[1B[2K[1B[2K[1B[2K[1B[2K[1B[2K[1B[2K[1B[2K8[33minferno-1                | [0m	from /usr/local/bundle/gems/bundler-2.5.22/lib/bundler/vendor/thor/lib/thor.rb:527:in `dispatch'
[0G7[1B[2K[1B[2K[1B[2K[1B[2K[1B[2K[1B[2K[1B[2K[1B[2K[1B[2K[1B[2K[1B[2K[1B[2K[1B[2K[1B[2K[1B[2K[1B[2K[1B[2K[1B[2K[1B[2K[1B[2K[1B[2K[1B[2K[1B[2K[1B[2K[1B[2K[1B[2K8[2K
[0G[2K
[0G[2A[0G7[26;0H[2K[1;38;2;0;0;0;48;2;255;255;255mw[0m[2m Enable Watch[0m[0G8[0G7[1B[2K[1B[2K[1B[2K[1B[2K[1B[2K[1B[2K[1B[2K[1B[2K[1B[2K[1B[2K[1B[2K[1B[2K[1B[2K[1B[2K[1B[2K[1B[2K[1B[2K[1B[2K[1B[2K[1B[2K[1B[2K[1B[2K[1B[2K[1B[2K[1B[2K[1B[2K8[33minferno-1                | [0m	from /usr/local/bundle/gems/bundler-2.5.22/lib/bundler/cli.rb:35:in `dispatch'
[0G7[1B[2K[1B[2K[1B[2K[1B[2K[1B[2K[1B[2K[1B[2K[1B[2K[1B[2K[1B[2K[1B[2K[1B[2K[1B[2K[1B[2K[1B[2K[1B[2K[1B[2K[1B[2K[1B[2K[1B[2K[1B[2K[1B[2K[1B[2K[1B[2K[1B[2K[1B[2K8[2K
[0G[2K
[0G[2A[0G7[26;0H[2K[1;38;2;0;0;0;48;2;255;255;255mw[0m[2m Enable Watch[0m[0G8[0G7[1B[2K[1B[2K[1B[2K[1B[2K[1B[2K[1B[2K[1B[2K[1B[2K[1B[2K[1B[2K[1B[2K[1B[2K[1B[2K[1B[2K[1B[2K[1B[2K[1B[2K[1B[2K[1B[2K[1B[2K[1B[2K[1B[2K[1B[2K[1B[2K[1B[2K[1B[2K8[33minferno-1                | [0m	from /usr/local/bundle/gems/bundler-2.5.22/lib/bundler/vendor/thor/lib/thor/base.rb:584:in `start'
[0G7[1B[2K[1B[2K[1B[2K[1B[2K[1B[2K[1B[2K[1B[2K[1B[2K[1B[2K[1B[2K[1B[2K[1B[2K[1B[2K[1B[2K[1B[2K[1B[2K[1B[2K[1B[2K[1B[2K[1B[2K[1B[2K[1B[2K[1B[2K[1B[2K[1B[2K[1B[2K8[2K
[0G[2K
[0G[2A[0G7[26;0H[2K[1;38;2;0;0;0;48;2;255;255;255mw[0m[2m Enable Watch[0m[0G8[0G7[1B[2K[1B[2K[1B[2K[1B[2K[1B[2K[1B[2K[1B[2K[1B[2K[1B[2K[1B[2K[1B[2K[1B[2K[1B[2K[1B[2K[1B[2K[1B[2K[1B[2K[1B[2K[1B[2K[1B[2K[1B[2K[1B[2K[1B[2K[1B[2K[1B[2K[1B[2K8[33minferno-1                | [0m	from /usr/local/bundle/gems/bundler-2.5.22/lib/bundler/cli.rb:29:in `start'
[0G7[1B[2K[1B[2K[1B[2K[1B[2K[1B[2K[1B[2K[1B[2K[1B[2K[1B[2K[1B[2K[1B[2K[1B[2K[1B[2K[1B[2K[1B[2K[1B[2K[1B[2K[1B[2K[1B[2K[1B[2K[1B[2K[1B[2K[1B[2K[1B[2K[1B[2K[1B[2K8[2K
[0G[2K
[0G[2A[0G7[26;0H[2K[1;38;2;0;0;0;48;2;255;255;255mw[0m[2m Enable Watch[0m[0G8[0G7[1B[2K[1B[2K[1B[2K[1B[2K[1B[2K[1B[2K[1B[2K[1B[2K[1B[2K[1B[2K[1B[2K[1B[2K[1B[2K[1B[2K[1B[2K[1B[2K[1B[2K[1B[2K[1B[2K[1B[2K[1B[2K[1B[2K[1B[2K[1B[2K[1B[2K[1B[2K8[33minferno-1                | [0m	from /usr/local/bundle/gems/bundler-2.5.22/exe/bundle:28:in `block in <top (required)>'
[0G7[1B[2K[1B[2K[1B[2K[1B[2K[1B[2K[1B[2K[1B[2K[1B[2K[1B[2K[1B[2K[1B[2K[1B[2K[1B[2K[1B[2K[1B[2K[1B[2K[1B[2K[1B[2K[1B[2K[1B[2K[1B[2K[1B[2K[1B[2K[1B[2K[1B[2K[1B[2K8[2K
[0G[2K
[0G[2A[0G7[26;0H[2K[1;38;2;0;0;0;48;2;255;255;255mw[0m[2m Enable Watch[0m[0G8[0G7[1B[2K[1B[2K[1B[2K[1B[2K[1B[2K[1B[2K[1B[2K[1B[2K[1B[2K[1B[2K[1B[2K[1B[2K[1B[2K[1B[2K[1B[2K[1B[2K[1B[2K[1B[2K[1B[2K[1B[2K[1B[2K[1B[2K[1B[2K[1B[2K[1B[2K[1B[2K8[33minferno-1                | [0m	from /usr/local/bundle/gems/bundler-2.5.22/lib/bundler/friendly_errors.rb:117:in `with_friendly_errors'
[0G7[1B[2K[1B[2K[1B[2K[1B[2K[1B[2K[1B[2K[1B[2K[1B[2K[1B[2K[1B[2K[1B[2K[1B[2K[1B[2K[1B[2K[1B[2K[1B[2K[1B[2K[1B[2K[1B[2K[1B[2K[1B[2K[1B[2K[1B[2K[1B[2K[1B[2K[1B[2K8[2K
[0G[2K
[0G[2A[0G7[26;0H[2K[1;38;2;0;0;0;48;2;255;255;255mw[0m[2m Enable Watch[0m[0G8[0G7[1B[2K[1B[2K[1B[2K[1B[2K[1B[2K[1B[2K[1B[2K[1B[2K[1B[2K[1B[2K[1B[2K[1B[2K[1B[2K[1B[2K[1B[2K[1B[2K[1B[2K[1B[2K[1B[2K[1B[2K[1B[2K[1B[2K[1B[2K[1B[2K[1B[2K[1B[2K8[33minferno-1                | [0m	from /usr/local/bundle/gems/bundler-2.5.22/exe/bundle:20:in `<top (required)>'
[0G7[1B[2K[1B[2K[1B[2K[1B[2K[1B[2K[1B[2K[1B[2K[1B[2K[1B[2K[1B[2K[1B[2K[1B[2K[1B[2K[1B[2K[1B[2K[1B[2K[1B[2K[1B[2K[1B[2K[1B[2K[1B[2K[1B[2K[1B[2K[1B[2K[1B[2K[1B[2K8[2K
[0G[2K
[0G[2A[0G7[26;0H[2K[1;38;2;0;0;0;48;2;255;255;255mw[0m[2m Enable Watch[0m[0G8[0G7[1B[2K[1B[2K[1B[2K[1B[2K[1B[2K[1B[2K[1B[2K[1B[2K[1B[2K[1B[2K[1B[2K[1B[2K[1B[2K[1B[2K[1B[2K[1B[2K[1B[2K[1B[2K[1B[2K[1B[2K[1B[2K[1B[2K[1B[2K[1B[2K[1B[2K[1B[2K8[33minferno-1                | [0m	from /usr/local/lib/ruby/site_ruby/3.3.0/rubygems.rb:319:in `load'
[0G7[1B[2K[1B[2K[1B[2K[1B[2K[1B[2K[1B[2K[1B[2K[1B[2K[1B[2K[1B[2K[1B[2K[1B[2K[1B[2K[1B[2K[1B[2K[1B[2K[1B[2K[1B[2K[1B[2K[1B[2K[1B[2K[1B[2K[1B[2K[1B[2K[1B[2K[1B[2K8[2K
[0G[2K
[0G[2A[0G7[26;0H[2K[1;38;2;0;0;0;48;2;255;255;255mw[0m[2m Enable Watch[0m[0G8[0G7[1B[2K[1B[2K[1B[2K[1B[2K[1B[2K[1B[2K[1B[2K[1B[2K[1B[2K[1B[2K[1B[2K[1B[2K[1B[2K[1B[2K[1B[2K[1B[2K[1B[2K[1B[2K[1B[2K[1B[2K[1B[2K[1B[2K[1B[2K[1B[2K[1B[2K[1B[2K8[33minferno-1                | [0m	from /usr/local/lib/ruby/site_ruby/3.3.0/rubygems.rb:319:in `activate_and_load_bin_path'
[0G7[1B[2K[1B[2K[1B[2K[1B[2K[1B[2K[1B[2K[1B[2K[1B[2K[1B[2K[1B[2K[1B[2K[1B[2K[1B[2K[1B[2K[1B[2K[1B[2K[1B[2K[1B[2K[1B[2K[1B[2K[1B[2K[1B[2K[1B[2K[1B[2K[1B[2K[1B[2K8[2K
[0G[2K
[0G[2A[0G7[26;0H[2K[1;38;2;0;0;0;48;2;255;255;255mw[0m[2m Enable Watch[0m[0G8[0G7[1B[2K[1B[2K[1B[2K[1B[2K[1B[2K[1B[2K[1B[2K[1B[2K[1B[2K[1B[2K[1B[2K[1B[2K[1B[2K[1B[2K[1B[2K[1B[2K[1B[2K[1B[2K[1B[2K[1B[2K[1B[2K[1B[2K[1B[2K[1B[2K[1B[2K[1B[2K8[33minferno-1                | [0m	from /usr/local/bundle/bin/bundle:25:in `<main>'
[0G7[1B[2K[1B[2K[1B[2K[1B[2K[1B[2K[1B[2K[1B[2K[1B[2K[1B[2K[1B[2K[1B[2K[1B[2K[1B[2K[1B[2K[1B[2K[1B[2K[1B[2K[1B[2K[1B[2K[1B[2K[1B[2K[1B[2K[1B[2K[1B[2K[1B[2K[1B[2K8[2K
[0G[2K
[0G[2A[0G7[26;0H[2K[1;38;2;0;0;0;48;2;255;255;255mw[0m[2m Enable Watch[0m[0G8[34m[Kworker-1 exited with code 1
[0m[33m[Kinferno-1 exited with code 1
[0m[0G7[1B[2K[1B[2K[1B[2K[1B[2K[1B[2K[1B[2K[1B[2K[1B[2K[1B[2K[1B[2K[1B[2K[1B[2K[1B[2K[1B[2K[1B[2K[1B[2K[1B[2K[1B[2K[1B[2K[1B[2K[1B[2K[1B[2K[1B[2K[1B[2K[1B[2K[1B[2K8[?25hGracefully stopping... (press Ctrl+C again to force)
[1A[1B[0G[?25l[+] Stopping 4/5
 [32m✔[0m Container us-core-test-kit-fork-nginx-1                  [32mStopped[0m                                                                                                   [34m0.0s [0m
 [32m✔[0m Container us-core-test-kit-fork-inferno-1                [32mStopped[0m                                                                                                   [34m0.0s [0m
 [32m✔[0m Container us-core-test-kit-fork-worker-1                 [32mStopped[0m                                                                                                   [34m0.0s [0m
 [32m✔[0m Container us-core-test-kit-fork-redis-1                  [32mStopped[0m                                                                                                   [34m0.0s [0m
 [33m⠋[0m Container us-core-test-kit-fork-hl7_validator_service-1  Stopping                                                                                                  [34m0.1s [0m
[?25h[1A[1A[1A[1A[1A[1A[0G[?25l[+] Stopping 4/5
 [32m✔[0m Container us-core-test-kit-fork-nginx-1                  [32mStopped[0m                                                                                                   [34m0.0s [0m
 [32m✔[0m Container us-core-test-kit-fork-inferno-1                [32mStopped[0m                                                                                                   [34m0.0s [0m
 [32m✔[0m Container us-core-test-kit-fork-worker-1                 [32mStopped[0m                                                                                                   [34m0.0s [0m
 [32m✔[0m Container us-core-test-kit-fork-redis-1                  [32mStopped[0m                                                                                                   [34m0.0s [0m
 [33m⠙[0m Container us-core-test-kit-fork-hl7_validator_service-1  Stopping                                                                                                  [34m0.2s [0m
[?25h[1A[1A[1A[1A[1A[1A[0G[?25l[+] Stopping 4/5
 [32m✔[0m Container us-core-test-kit-fork-nginx-1                  [32mStopped[0m                                                                                                   [34m0.0s [0m
 [32m✔[0m Container us-core-test-kit-fork-inferno-1                [32mStopped[0m                                                                                                   [34m0.0s [0m
 [32m✔[0m Container us-core-test-kit-fork-worker-1                 [32mStopped[0m                                                                                                   [34m0.0s [0m
 [32m✔[0m Container us-core-test-kit-fork-redis-1                  [32mStopped[0m                                                                                                   [34m0.0s [0m
 [33m⠹[0m Container us-core-test-kit-fork-hl7_validator_service-1  Stopping                                                                                                  [34m0.3s [0m
[?25h[1A[1A[1A[1A[1A[1A[0G[?25l[+] Stopping 4/5
 [32m✔[0m Container us-core-test-kit-fork-nginx-1                  [32mStopped[0m                                                                                                   [34m0.0s [0m
 [32m✔[0m Container us-core-test-kit-fork-inferno-1                [32mStopped[0m                                                                                                   [34m0.0s [0m
 [32m✔[0m Container us-core-test-kit-fork-worker-1                 [32mStopped[0m                                                                                                   [34m0.0s [0m
 [32m✔[0m Container us-core-test-kit-fork-redis-1                  [32mStopped[0m                                                                                                   [34m0.0s [0m
 [33m⠸[0m Container us-core-test-kit-fork-hl7_validator_service-1  Stopping                                                                                                  [34m0.4s [0m
[?25h[1A[1A[1A[1A[1A[1A[0G[?25l[34m[+] Stopping 5/5[0m
 [32m✔[0m Container us-core-test-kit-fork-nginx-1                  [32mStopped[0m                                                                                                   [34m0.0s [0m
 [32m✔[0m Container us-core-test-kit-fork-inferno-1                [32mStopped[0m                                                                                                   [34m0.0s [0m
 [32m✔[0m Container us-core-test-kit-fork-worker-1                 [32mStopped[0m                                                                                                   [34m0.0s [0m
 [32m✔[0m Container us-core-test-kit-fork-redis-1                  [32mStopped[0m                                                                                                   [34m0.0s [0m
 [32m✔[0m Container us-core-test-kit-fork-hl7_validator_service-1  [32mStopped[0m                                                                                                   [34m0.5s [0m
[?25h[?2004hroot@docker:/opt/docker-mounts/us-core-test-kit-fork# exit
[?2004lexit

Script done on 2025-08-31 19:49:28-05:00 [COMMAND_EXIT_CODE="0"]
